Event Index,UTC Timestamp,UTC Date and Time,Local Timestamp,Local Timezone,Local Date and Time,Experiment ID,Experiment Version,Tree Node Key,Repeat Key,Schedule ID,Participant Public ID,Participant Private ID,Participant Starting Group,Participant Status,Participant Completion Code,Participant External Session ID,Participant Device Type,Participant Device,Participant OS,Participant Browser,Participant Monitor Size,Participant Viewport Size,Checkpoint,Room ID,Room Order,Task Name,Task Version,branch-ufbv,branch-x9dy,branch-62yz,branch-1uap,randomiser-olzs,allocator-vztf,Age Response,Age Quantised,Understand Response,Understand Quantised,Consent Response,Consent Quantised,Hearing Response,Hearing Quantised,Cognitive Response,Cognitive Quantised,Score: eligible
,,,,,,,,,,,,,,,,,,,,,,,,,,,,,,,,,,I am age 18 or older. ,I am age 18 or older. ,I have read and understand the information above.,I have read and understand the information above.,I want to participate in this research and continue with the task. ,I want to participate in this research and continue with the task. ,I have no history of hearing impairment or auditory processing disorder.,I have no history of hearing impairment or auditory processing disorder.,I have no history of learning disability or memory impairment. ,I have no history of learning disability or memory impairment. ,eligible
1,1741372910852,07/03/2025 18:41:50,1741351310852,-6,07/03/2025 06:41:50,215107,6,questionnaire-re3n,,44180938,BLIND,12875031,,complete,,67cb3dd6f520f1a00b74c2dd,computer,Desktop or Laptop,Windows 10,Chrome 133.0.0.0,2560x1440,2560x1271,,,0,Consent Form Study 1,5,SucceededAutoplayCheck,FailedHeadphoneCheck,SucceededHeadphoneCheck,eligible,,spreadsheet3,Yes,1,Yes,1,Yes,1,Correct,1,Correct,1,0
1,1741373188879,07/03/2025 18:46:28,1741355188879,-5,07/03/2025 08:46:28,215107,6,questionnaire-re3n,,44181096,BLIND,12875096,,complete,,67cb3eeee95178a94ce8edb0,computer,Desktop or Laptop,Mac OS 10.15.7,Chrome 116.0.0.0,1280x800,1280x692,,,0,Consent Form Study 1,5,SucceededAutoplayCheck,FailedHeadphoneCheck,SucceededHeadphoneCheck,eligible,,spreadsheet2,Yes,1,Yes,1,Yes,1,Correct,1,Correct,1,0
1,1741373200006,07/03/2025 18:46:40,1741355200006,-5,07/03/2025 08:46:40,215107,6,questionnaire-re3n,,44181101,BLIND,12875098,,complete,,67cb3efdacc9551cfe0646e5,computer,Desktop or Laptop,Windows 10,Chrome 133.0.0.0,2116x1191,2116x1030,,,0,Consent Form Study 1,5,SucceededAutoplayCheck,SucceededHeadphoneCheck,,eligible,,spreadsheet3,Yes,1,Yes,1,Yes,1,Correct,1,Correct,1,0
1,1741373221280,07/03/2025 18:47:01,1741355221280,-5,07/03/2025 08:47:01,215107,6,questionnaire-re3n,,44181112,BLIND,12875103,,complete,,67cb3f106e4bac7c9d733912,computer,Desktop or Laptop,Windows 10,Chrome 133.0.0.0,1920x1080,1920x911,,,0,Consent Form Study 1,5,SucceededAutoplayCheck,FailedHeadphoneCheck,SucceededHeadphoneCheck,eligible,,spreadsheet1,Yes,1,Yes,1,Yes,1,Correct,1,Correct,1,0
1,1741373272057,07/03/2025 18:47:52,1741355272057,-5,07/03/2025 08:47:52,215107,6,questionnaire-re3n,,44181148,BLIND,12875114,,complete,,67cb3f00881642f5466a98d3,computer,Desktop or Laptop,Windows 10,Chrome 129.0.0.0,1366x768,1366x633,,,0,Consent Form Study 1,5,SucceededAutoplayCheck,SucceededHeadphoneCheck,,eligible,,spreadsheet4,Yes,1,Yes,1,Yes,1,Correct,1,Correct,1,0
1,1741373410518,07/03/2025 18:50:10,1741355410518,-5,07/03/2025 08:50:10,215107,6,questionnaire-re3n,,44181230,BLIND,12875138,,complete,,67cb3ece793edf08887c4e7a,computer,Desktop or Laptop,Windows 10,Chrome 109.0.0.0,1280x768,1280x657,,,0,Consent Form Study 1,5,SucceededAutoplayCheck,FailedHeadphoneCheck,SucceededHeadphoneCheck,eligible,,spreadsheet4,Yes,1,Yes,1,Yes,1,Correct,1,Correct,1,0
1,1741373476220,07/03/2025 18:51:16,1741351876220,-6,07/03/2025 06:51:16,215107,6,questionnaire-re3n,,44181278,BLIND,12875156,,complete,,67cb3fdf180eadb2fd761949,computer,Desktop or Laptop,Windows 10,Chrome 133.0.0.0,1536x864,1536x742,,,0,Consent Form Study 1,5,SucceededAutoplayCheck,FailedHeadphoneCheck,SucceededHeadphoneCheck,eligible,,spreadsheet1,Yes,1,Yes,1,Yes,1,Correct,1,Correct,1,0
1,1741373563945,07/03/2025 18:52:43,1741351963945,-6,07/03/2025 06:52:43,215107,6,questionnaire-re3n,,44181338,BLIND,12875178,,complete,,67cb403dc616f2c41a5d0b2b,computer,Desktop or Laptop,Windows 10,Chrome 134.0.0.0,1920x1080,1920x945,,,0,Consent Form Study 1,5,SucceededAutoplayCheck,SucceededHeadphoneCheck,,eligible,,spreadsheet3,Yes,1,Yes,1,Yes,1,Correct,1,Correct,1,0
1,1741373664592,07/03/2025 18:54:24,1741355664592,-5,07/03/2025 08:54:24,215107,6,questionnaire-re3n,,44181403,BLIND,12875190,,complete,,67cb40c698b2c7c2ccfde4a4,computer,Desktop or Laptop,Windows 10,Chrome 133.0.0.0,1920x1080,1083x928,,,0,Consent Form Study 1,5,SucceededAutoplayCheck,FailedHeadphoneCheck,SucceededHeadphoneCheck,eligible,,spreadsheet2,Yes,1,Yes,1,Yes,1,Correct,1,Correct,1,0
1,1741373762598,07/03/2025 18:56:02,1741355762598,-5,07/03/2025 08:56:02,215107,6,questionnaire-re3n,,44181454,BLIND,12875208,,complete,,67cb40bf93f0cc35f4920081,computer,Desktop or Laptop,Windows 10,Chrome 134.0.0.0,1280x720,1351x666,,,0,Consent Form Study 1,5,SucceededAutoplayCheck,SucceededHeadphoneCheck,,eligible,,spreadsheet1,Yes,1,Yes,1,Yes,1,Correct,1,Correct,1,0
1,1741373786147,07/03/2025 18:56:26,1741352186147,-6,07/03/2025 06:56:26,215107,6,questionnaire-re3n,,44181468,BLIND,12875212,,complete,,67cb3efae897af59652467b9,computer,Desktop or Laptop,Mac OS 10.13,Firefox 131.0,1680x1050,1680x965,,,0,Consent Form Study 1,5,SucceededAutoplayCheck,SucceededHeadphoneCheck,,eligible,,spreadsheet3,Yes,1,Yes,1,Yes,1,Correct,1,Correct,1,0
1,1741373833184,07/03/2025 18:57:13,1741352233184,-6,07/03/2025 06:57:13,215107,6,questionnaire-re3n,,44181509,BLIND,12875231,,complete,,67cb417391f166d36c409cc9,computer,Desktop or Laptop,Mac OS 10.15.7,Chrome 131.0.0.0,1309x752,1309x745,,,0,Consent Form Study 1,5,SucceededAutoplayCheck,SucceededHeadphoneCheck,,eligible,,spreadsheet1,Yes,1,Yes,1,Yes,1,Correct,1,Correct,1,0
1,1741373869868,07/03/2025 18:57:49,1741355869868,-5,07/03/2025 08:57:49,215107,6,questionnaire-re3n,,44181533,BLIND,12875238,,complete,,67cb3f4df66ed7913b80262e,computer,Desktop or Laptop,Windows 10,Chrome 133.0.0.0,1920x1080,1920x953,,,0,Consent Form Study 1,5,SucceededAutoplayCheck,SucceededHeadphoneCheck,,eligible,,spreadsheet1,Yes,1,Yes,1,Yes,1,Correct,1,Correct,1,0
1,1741373978300,07/03/2025 18:59:38,1741355978300,-5,07/03/2025 08:59:38,215107,6,questionnaire-re3n,,44181592,BLIND,12875341,,complete,,67cb41cc67330942e24a5bef,computer,Desktop or Laptop,Windows 10,Chrome 131.0.0.0,1366x768,1366x611,,,0,Consent Form Study 1,5,SucceededAutoplayCheck,SucceededHeadphoneCheck,,eligible,,spreadsheet4,Yes,1,Yes,1,Yes,1,Correct,1,Correct,1,0
1,1741374008215,07/03/2025 19:00:08,1741356008215,-5,07/03/2025 09:00:08,215107,6,questionnaire-re3n,,44181624,BLIND,12875348,,complete,,67cb4218209e11c6ce15956e,computer,Desktop or Laptop,Windows 10,Chrome 133.0.0.0,1368x912,1368x785,,,0,Consent Form Study 1,5,SucceededAutoplayCheck,SucceededHeadphoneCheck,,eligible,,spreadsheet1,Yes,1,Yes,1,Yes,1,Correct,1,Correct,1,0
1,1741374043804,07/03/2025 19:00:43,1741356043804,-5,07/03/2025 09:00:43,215107,6,questionnaire-re3n,,44181649,BLIND,12875356,,complete,,67cb424913ea548c72a8fa04,computer,Desktop or Laptop,Windows 10,Chrome 133.0.0.0,1536x864,1536x695,,,0,Consent Form Study 1,5,SucceededAutoplayCheck,FailedHeadphoneCheck,SucceededHeadphoneCheck,eligible,,spreadsheet1,Yes,1,Yes,1,Yes,1,Correct,1,Correct,1,0
1,1741374081211,07/03/2025 19:01:21,1741352481211,-6,07/03/2025 07:01:21,215107,6,questionnaire-re3n,,44181680,BLIND,12875363,,complete,,67cb426f7fbcf846fc308821,computer,Desktop or Laptop,Windows 10,Chrome 133.0.0.0,1280x800,1280x665,,,0,Consent Form Study 1,5,SucceededAutoplayCheck,FailedHeadphoneCheck,SucceededHeadphoneCheck,eligible,,spreadsheet3,Yes,1,Yes,1,Yes,1,Correct,1,Correct,1,0
1,1741374151828,07/03/2025 19:02:31,1741356151828,-5,07/03/2025 09:02:31,215107,6,questionnaire-re3n,,44181776,BLIND,12875386,,complete,,67cb42e782ff394c0d2f9717,computer,Desktop or Laptop,Windows 10,Chrome 133.0.0.0,1920x1080,933x935,,,0,Consent Form Study 1,5,SucceededAutoplayCheck,SucceededHeadphoneCheck,,eligible,,spreadsheet4,Yes,1,Yes,1,Yes,1,Correct,1,Correct,1,0
1,1741374469907,07/03/2025 19:07:49,1741356469907,-5,07/03/2025 09:07:49,215107,6,questionnaire-re3n,,44181913,BLIND,12875420,,rejected - manual,,67cb42aaa1f1687a1764e1f8,computer,Desktop or Laptop,Windows 10,Chrome 130.0.0.0,1536x864,1536x742,,,0,Consent Form Study 1,5,SucceededAutoplayCheck,FailedHeadphoneCheck,SucceededHeadphoneCheck,eligible,,spreadsheet4,Yes,1,Yes,1,Yes,1,Correct,1,Correct,1,0
1,1741374474596,07/03/2025 19:07:54,1741356474596,-5,07/03/2025 09:07:54,215107,6,questionnaire-re3n,,44181932,BLIND,12875426,,complete,,67cb43f325a475b2518900c0,computer,Desktop or Laptop,Windows 10,Chrome 133.0.0.0,1920x1080,1920x919,,,0,Consent Form Study 1,5,SucceededAutoplayCheck,SucceededHeadphoneCheck,,eligible,,spreadsheet4,Yes,1,Yes,1,Yes,1,Correct,1,Correct,1,0
1,1741374634147,07/03/2025 19:10:34,1741353034147,-6,07/03/2025 07:10:34,215107,6,questionnaire-re3n,,44181990,BLIND,12875440,,complete,,67cb444eb7507b72a851c1b8,computer,Desktop or Laptop,Windows 10,Firefox 136.0,1360x768,1360x606,,,0,Consent Form Study 1,5,SucceededAutoplayCheck,FailedHeadphoneCheck,SucceededHeadphoneCheck,eligible,,spreadsheet1,Yes,1,Yes,1,Yes,1,Correct,1,Correct,1,0
1,1741374655453,07/03/2025 19:10:55,1741353055453,-6,07/03/2025 07:10:55,215107,6,questionnaire-re3n,,44182034,BLIND,12875448,,complete,,67cb4491452ee4df31249871,computer,Desktop or Laptop,Mac OS 10.15.7,Chrome 134.0.0.0,1440x900,1439x754,,,0,Consent Form Study 1,5,SucceededAutoplayCheck,SucceededHeadphoneCheck,,eligible,,spreadsheet1,Yes,1,Yes,1,Yes,1,Correct,1,Correct,1,0
1,1741374693490,07/03/2025 19:11:33,1741356693490,-5,07/03/2025 09:11:33,215107,6,questionnaire-re3n,,44182062,BLIND,12875456,,complete,,67cb44d2c3b4f3f6fae63500,computer,Desktop or Laptop,Mac OS 10.15.7,Chrome 133.0.0.0,1920x1080,1920x992,,,0,Consent Form Study 1,5,SucceededAutoplayCheck,SucceededHeadphoneCheck,,eligible,,spreadsheet2,Yes,1,Yes,1,Yes,1,Correct,1,Correct,1,0
1,1741374699929,07/03/2025 19:11:39,1741356699929,-5,07/03/2025 09:11:39,215107,6,questionnaire-re3n,,44182067,BLIND,12875458,,complete,,67cb42e6beb0083e3e5a2748,computer,Desktop or Laptop,Windows 10,Chrome 133.0.0.0,1536x864,1536x730,,,0,Consent Form Study 1,5,SucceededAutoplayCheck,FailedHeadphoneCheck,SucceededHeadphoneCheck,eligible,,spreadsheet4,Yes,1,Yes,1,Yes,1,Correct,1,Correct,1,0
1,1741374765004,07/03/2025 19:12:45,1741356765004,-5,07/03/2025 09:12:45,215107,6,questionnaire-re3n,,44182099,BLIND,12875465,,complete,,67cb4482cec53fde8e51a14e,computer,Desktop or Laptop,Windows 10,Chrome 131.0.0.0,1600x900,1600x773,,,0,Consent Form Study 1,5,SucceededAutoplayCheck,SucceededHeadphoneCheck,,eligible,,spreadsheet2,Yes,1,Yes,1,Yes,1,Correct,1,Correct,1,0
1,1741375318374,07/03/2025 19:21:58,1741346518374,-8,07/03/2025 03:21:58,215107,6,questionnaire-re3n,,44182458,BLIND,12875541,,complete,,67cb473f4dad599421eb3650,computer,Desktop or Laptop,Windows 10,Chrome 133.0.0.0,1366x768,1366x607,,,0,Consent Form Study 1,5,SucceededAutoplayCheck,SucceededHeadphoneCheck,,eligible,,spreadsheet1,Yes,1,Yes,1,Yes,1,Correct,1,Correct,1,0
1,1741375391213,07/03/2025 19:23:11,1741357391213,-5,07/03/2025 09:23:11,215107,6,questionnaire-re3n,,44182493,BLIND,12875549,,complete,,67cb47137fbcf846fc3088c0,computer,Desktop or Laptop,Windows 10,Chrome 131.0.0.0,1024x640,1536x738,,,0,Consent Form Study 1,5,SucceededAutoplayCheck,SucceededHeadphoneCheck,,eligible,,spreadsheet1,Yes,1,Yes,1,Yes,1,Correct,1,Correct,1,0
1,1741375388140,07/03/2025 19:23:08,1741357388140,-5,07/03/2025 09:23:08,215107,6,questionnaire-re3n,,44182498,BLIND,12875552,,complete,,67cb478b3505c07c0f624049,computer,Desktop or Laptop,Windows 10,Firefox 135.0,1920x1080,1422x729,,,0,Consent Form Study 1,5,SucceededAutoplayCheck,FailedHeadphoneCheck,SucceededHeadphoneCheck,eligible,,spreadsheet3,Yes,1,Yes,1,Yes,1,Correct,1,Correct,1,0
1,1741375486833,07/03/2025 19:24:46,1741346686833,-8,07/03/2025 03:24:46,215107,6,questionnaire-re3n,,44182551,BLIND,12875565,,complete,,67cb47a1db2c741d7276a92b,computer,Desktop or Laptop,Windows 10,Chrome 134.0.0.0,1526x1330,1518x1324,,,0,Consent Form Study 1,5,SucceededAutoplayCheck,SucceededHeadphoneCheck,,eligible,,spreadsheet2,Yes,1,Yes,1,Yes,1,Correct,1,Correct,1,0
1,1741375519894,07/03/2025 19:25:19,1741353919894,-6,07/03/2025 07:25:19,215107,6,questionnaire-re3n,,44182563,BLIND,12875569,,complete,,67cb473bfd1ba209b512a1a8,computer,Desktop or Laptop,Windows 10,Chrome 109.0.0.0,1366x768,1366x625,,,0,Consent Form Study 1,5,SucceededAutoplayCheck,SucceededHeadphoneCheck,,eligible,,spreadsheet3,Yes,1,Yes,1,Yes,1,Correct,1,Correct,1,0
1,1741375522509,07/03/2025 19:25:22,1741357522509,-5,07/03/2025 09:25:22,215107,6,questionnaire-re3n,,44182570,BLIND,12875570,,complete,,67cb47fe0ff149826da6d2a1,computer,Desktop or Laptop,Mac OS 10.15.7,Chrome 133.0.0.0,1440x900,1440x778,,,0,Consent Form Study 1,5,SucceededAutoplayCheck,SucceededHeadphoneCheck,,eligible,,spreadsheet4,Yes,1,Yes,1,Yes,1,Correct,1,Correct,1,0
1,1741375621785,07/03/2025 19:27:01,1741354021785,-6,07/03/2025 07:27:01,215107,6,questionnaire-re3n,,44182627,BLIND,12875585,,complete,,67cb484333114e1da623b8ed,computer,Desktop or Laptop,Windows 10,Edge 134.0.0.0,1920x1080,1920x925,,,0,Consent Form Study 1,5,SucceededAutoplayCheck,SucceededHeadphoneCheck,,eligible,,spreadsheet4,Yes,1,Yes,1,Yes,1,Correct,1,Correct,1,0
1,1741375663308,07/03/2025 19:27:43,1741346863308,-8,07/03/2025 03:27:43,215107,6,questionnaire-re3n,,44182658,BLIND,12875592,,complete,,67cb48922f168a2571a8ffef,computer,Desktop or Laptop,Mac OS 10.15.7,Chrome 131.0.0.0,1920x1200,986x959,,,0,Consent Form Study 1,5,SucceededAutoplayCheck,SucceededHeadphoneCheck,,eligible,,spreadsheet4,Yes,1,Yes,1,Yes,1,Correct,1,Correct,1,0
1,1741375717513,07/03/2025 19:28:37,1741350517513,-7,07/03/2025 05:28:37,215107,6,questionnaire-re3n,,44182689,BLIND,12875599,,complete,,67cb48c56cca0325b57c4047,computer,Desktop or Laptop,Windows 10,Chrome 132.0.0.0,1536x960,1536x826,,,0,Consent Form Study 1,5,SucceededAutoplayCheck,SucceededHeadphoneCheck,,eligible,,spreadsheet3,Yes,1,Yes,1,Yes,1,Correct,1,Correct,1,0
1,1741375712332,07/03/2025 19:28:32,1741357712332,-5,07/03/2025 09:28:32,215107,6,questionnaire-re3n,,44182691,BLIND,12875600,,complete,,67cb487dd69f03fa8ec5b15d,computer,Desktop or Laptop,Chromium OS 14816.131.0,Chrome 103.0.0.0,1366x768,1366x649,,,0,Consent Form Study 1,5,SucceededAutoplayCheck,SucceededHeadphoneCheck,,eligible,,spreadsheet2,Yes,1,Yes,1,Yes,1,Correct,1,Correct,1,0
1,1741375763269,07/03/2025 19:29:23,1741357763269,-5,07/03/2025 09:29:23,215107,6,questionnaire-re3n,,44182724,BLIND,12875608,,complete,,67cb44a2bdcf2797950ef10a,computer,Desktop or Laptop,Windows 10,Chrome 133.0.0.0,1920x1080,1920x945,,,0,Consent Form Study 1,5,SucceededAutoplayCheck,SucceededHeadphoneCheck,,eligible,,spreadsheet3,Yes,1,Yes,1,Yes,1,Correct,1,Correct,1,0
1,1741375813412,07/03/2025 19:30:13,1741357813412,-5,07/03/2025 09:30:13,215107,6,questionnaire-re3n,,44182749,BLIND,12875613,,complete,,67cb48f9bab455444fb11605,computer,Desktop or Laptop,Windows 10,Chrome 133.0.0.0,1366x768,681x632,,,0,Consent Form Study 1,5,SucceededAutoplayCheck,SucceededHeadphoneCheck,,eligible,,spreadsheet1,Yes,1,Yes,1,Yes,1,Correct,1,Correct,1,0
1,1741375829644,07/03/2025 19:30:29,1741357829644,-5,07/03/2025 09:30:29,215107,6,questionnaire-re3n,,44182759,BLIND,12875617,,complete,,67cb489e8bd38f341adaa5a9,computer,Desktop or Laptop,Windows 10,Chrome 133.0.0.0,1366x768,681x632,,,0,Consent Form Study 1,5,SucceededAutoplayCheck,SucceededHeadphoneCheck,,eligible,,spreadsheet4,Yes,1,Yes,1,Yes,1,Correct,1,Correct,1,0
1,1741375850315,07/03/2025 19:30:50,1741357850315,-5,07/03/2025 09:30:50,215107,6,questionnaire-re3n,,44182793,BLIND,12875627,,complete,,67cb48cb317cabef7173a2fb,computer,Desktop or Laptop,Mac OS 10.15.7,Chrome 133.0.0.0,1440x900,1440x812,,,0,Consent Form Study 1,5,SucceededAutoplayCheck,SucceededHeadphoneCheck,,eligible,,spreadsheet1,Yes,1,Yes,1,Yes,1,Correct,1,Correct,1,0
1,1741376130222,07/03/2025 19:35:30,1741358130222,-5,07/03/2025 09:35:30,215107,6,questionnaire-re3n,,44182956,BLIND,12875660,,complete,,67cb4980713fa44ead8d49d7,computer,Desktop or Laptop,Chromium OS 14541.0.0,Chrome 132.0.0.0,1366x768,1366x633,,,0,Consent Form Study 1,5,SucceededAutoplayCheck,FailedHeadphoneCheck,SucceededHeadphoneCheck,eligible,,spreadsheet1,Yes,1,Yes,1,Yes,1,Correct,1,Correct,1,0
1,1741376426707,07/03/2025 19:40:26,1741358426707,-5,07/03/2025 09:40:26,215107,6,questionnaire-re3n,,44183118,BLIND,12875695,,complete,,67cb4a0a8a1560fba1e0438a,computer,Desktop or Laptop,Windows 10,Chrome 132.0.0.0,1536x864,1536x703,,,0,Consent Form Study 1,5,SucceededAutoplayCheck,FailedHeadphoneCheck,SucceededHeadphoneCheck,eligible,,spreadsheet4,Yes,1,Yes,1,Yes,1,Correct,1,Correct,1,0
1,1741376486074,07/03/2025 19:41:26,1741358486074,-5,07/03/2025 09:41:26,215107,6,questionnaire-re3n,,44183166,BLIND,12875707,,complete,,67cb497eb96b4db5ab74c397,computer,Desktop or Laptop,Windows 10,Edge 133.0.0.0,1366x768,1358x642,,,0,Consent Form Study 1,5,SucceededAutoplayCheck,FailedHeadphoneCheck,SucceededHeadphoneCheck,eligible,,spreadsheet4,Yes,1,Yes,1,Yes,1,Correct,1,Correct,1,0
1,1741376516883,07/03/2025 19:41:56,1741354916883,-6,07/03/2025 07:41:56,215107,6,questionnaire-re3n,,44183183,BLIND,12875710,,complete,,67cb4bde5bcc205f3856ff19,computer,Desktop or Laptop,Mac OS 10.15.7,Chrome 133.0.0.0,1792x1120,1792x946,,,0,Consent Form Study 1,5,SucceededAutoplayCheck,SucceededHeadphoneCheck,,eligible,,spreadsheet4,Yes,1,Yes,1,Yes,1,Correct,1,Correct,1,0
1,1741376575012,07/03/2025 19:42:55,1741347775012,-8,07/03/2025 03:42:55,215107,6,questionnaire-re3n,,44183215,BLIND,12875717,,complete,,67cb4c2c99f64dc76728e6e6,computer,Desktop or Laptop,Mac OS 10.15.7,Chrome 133.0.0.0,1440x900,1424x687,,,0,Consent Form Study 1,5,SucceededAutoplayCheck,SucceededHeadphoneCheck,,eligible,,spreadsheet4,Yes,1,Yes,1,Yes,1,Correct,1,Correct,1,0
1,1741376612472,07/03/2025 19:43:32,1741358612472,-5,07/03/2025 09:43:32,215107,6,questionnaire-re3n,,44183235,BLIND,12875724,,complete,,67cb4c4223866f1a87c47f5a,computer,Desktop or Laptop,Mac OS 10.15.7,Chrome 133.0.0.0,1680x1050,1680x858,,,0,Consent Form Study 1,5,SucceededAutoplayCheck,SucceededHeadphoneCheck,,eligible,,spreadsheet4,Yes,1,Yes,1,Yes,1,Correct,1,Correct,1,0
1,1741376615961,07/03/2025 19:43:35,1741358615961,-5,07/03/2025 09:43:35,215107,6,questionnaire-re3n,,44183240,BLIND,12875727,,complete,,67cb4c5a61a234efb3982b60,computer,Desktop or Laptop,Mac OS 10.15.7,Chrome 133.0.0.0,1536x960,1536x762,,,0,Consent Form Study 1,5,SucceededAutoplayCheck,SucceededHeadphoneCheck,,eligible,,spreadsheet1,Yes,1,Yes,1,Yes,1,Correct,1,Correct,1,0
1,1741376635995,07/03/2025 19:43:55,1741358635995,-5,07/03/2025 09:43:55,215107,6,questionnaire-re3n,,44183255,BLIND,12875730,,complete,,67cb4c23c850fec32bec3c3d,computer,Desktop or Laptop,Windows 10,Chrome 133.0.0.0,1536x864,1536x730,,,0,Consent Form Study 1,5,SucceededAutoplayCheck,SucceededHeadphoneCheck,,eligible,,spreadsheet1,Yes,1,Yes,1,Yes,1,Correct,1,Correct,1,0
1,1741376679678,07/03/2025 19:44:39,1741358679678,-5,07/03/2025 09:44:39,215107,6,questionnaire-re3n,,44183292,BLIND,12875737,,complete,,67cb4c905c869ee3534d6795,computer,Desktop or Laptop,Windows 10,Chrome 133.0.0.0,1280x720,1280x559,,,0,Consent Form Study 1,5,SucceededAutoplayCheck,SucceededHeadphoneCheck,,eligible,,spreadsheet4,Yes,1,Yes,1,Yes,1,Correct,1,Correct,1,0
1,1741376868392,07/03/2025 19:47:48,1741358868392,-5,07/03/2025 09:47:48,215107,6,questionnaire-re3n,,44183415,BLIND,12875768,,complete,,67cb4d3dd533b49fe0646f68,computer,Desktop or Laptop,Windows 10,Chrome 133.0.0.0,1920x1080,1920x945,,,0,Consent Form Study 1,5,SucceededAutoplayCheck,SucceededHeadphoneCheck,,eligible,,spreadsheet3,Yes,1,Yes,1,Yes,1,Correct,1,Correct,1,0
1,1741376975429,07/03/2025 19:49:35,1741358975429,-5,07/03/2025 09:49:35,215107,6,questionnaire-re3n,,44183495,BLIND,12875787,,complete,,67cb4dbaa5827066e7bba204,computer,Desktop or Laptop,Windows 10,Chrome 133.0.0.0,1418x798,1418x672,,,0,Consent Form Study 1,5,SucceededAutoplayCheck,SucceededHeadphoneCheck,,eligible,,spreadsheet2,Yes,1,Yes,1,Yes,1,Correct,1,Correct,1,0
1,1741377098938,07/03/2025 19:51:38,1741359098938,-5,07/03/2025 09:51:38,215107,6,questionnaire-re3n,,44183596,BLIND,12875816,,complete,,67cb4e15295f8ad8dbd32dd5,computer,Desktop or Laptop,Windows 10,Chrome 133.0.0.0,1536x864,1536x695,,,0,Consent Form Study 1,5,SucceededAutoplayCheck,SucceededHeadphoneCheck,,eligible,,spreadsheet3,Yes,1,Yes,1,Yes,1,Correct,1,Correct,1,0
1,1741377207678,07/03/2025 19:53:27,1741359207678,-5,07/03/2025 09:53:27,215107,6,questionnaire-re3n,,44183659,BLIND,12875837,,complete,,67cb4e23d7247002fdb3a1e0,computer,Desktop or Laptop,Windows 10,Chrome 133.0.0.0,1536x864,1536x730,,,0,Consent Form Study 1,5,SucceededAutoplayCheck,SucceededHeadphoneCheck,,eligible,,spreadsheet3,Yes,1,Yes,1,Yes,1,Correct,1,Correct,1,0
1,1741377201893,07/03/2025 19:53:21,1741359201893,-5,07/03/2025 09:53:21,215107,6,questionnaire-re3n,,44183662,BLIND,12875838,,complete,,67cb4e99ae3ff2fb4e7f331e,computer,Desktop or Laptop,Windows 10,Chrome 133.0.0.0,1920x1080,1745x859,,,0,Consent Form Study 1,5,SucceededAutoplayCheck,SucceededHeadphoneCheck,,eligible,,spreadsheet4,Yes,1,Yes,1,Yes,1,Correct,1,Correct,1,0
1,1741377092858,07/03/2025 19:51:32,1741355492858,-6,07/03/2025 07:51:32,215107,6,questionnaire-re3n,,44183682,BLIND,12875847,,complete,,67cb4eb3fee50294f062c55f,computer,Desktop or Laptop,Windows 10,Chrome 132.0.0.0,1366x768,1366x607,,,0,Consent Form Study 1,5,SucceededAutoplayCheck,SucceededHeadphoneCheck,,eligible,,spreadsheet4,Yes,1,Yes,1,Yes,1,Correct,1,Correct,1,0
1,1741377287187,07/03/2025 19:54:47,1741348487187,-8,07/03/2025 03:54:47,215107,6,questionnaire-re3n,,44183722,BLIND,12875858,,complete,,67cb4c2eb90da2b917151306,computer,Desktop or Laptop,Mac OS 10.15.7,Chrome 134.0.0.0,1920x1080,1411x794,,,0,Consent Form Study 1,5,SucceededAutoplayCheck,SucceededHeadphoneCheck,,eligible,,spreadsheet4,Yes,1,Yes,1,Yes,1,Correct,1,Correct,1,0
1,1741377294049,07/03/2025 19:54:54,1741352094049,-7,07/03/2025 05:54:54,215107,6,questionnaire-re3n,,44183726,BLIND,12875861,,complete,,67cb4efcdbd70cbec51c011b,computer,Desktop or Laptop,Mac OS 10.15.7,Chrome 133.0.0.0,1680x1050,1680x938,,,0,Consent Form Study 1,5,SucceededAutoplayCheck,SucceededHeadphoneCheck,,eligible,,spreadsheet4,Yes,1,Yes,1,Yes,1,Correct,1,Correct,1,0
1,1741377357090,07/03/2025 19:55:57,1741395357090,5,08/03/2025 05:55:57,215107,6,questionnaire-re3n,,44183762,BLIND,12875873,,complete,,67cb4bbb692fc1a22b94a858,computer,Desktop or Laptop,Windows 10,Chrome 133.0.0.0,1366x768,1366x633,,,0,Consent Form Study 1,5,SucceededAutoplayCheck,SucceededHeadphoneCheck,,eligible,,spreadsheet2,Yes,1,Yes,1,Yes,1,Correct,1,Correct,1,0
1,1741377420056,07/03/2025 19:57:00,1741377420056,0,07/03/2025 19:57:00,215107,6,questionnaire-re3n,,44183781,BLIND,12875885,,complete,,67cb4f190ff149826da6d39a,computer,Desktop or Laptop,Windows 10,Chrome 133.0.0.0,1366x768,1366x633,,,0,Consent Form Study 1,5,SucceededAutoplayCheck,FailedHeadphoneCheck,SucceededHeadphoneCheck,eligible,,spreadsheet4,Yes,1,Yes,1,Yes,1,Correct,1,Correct,1,0
1,1741377465782,07/03/2025 19:57:45,1741359465782,-5,07/03/2025 09:57:45,215107,6,questionnaire-re3n,,44183837,BLIND,12875904,,complete,,67cb4f92cf022dd3365ac708,computer,Desktop or Laptop,Windows 10,Edge 133.0.0.0,1536x864,1528x708,,,0,Consent Form Study 1,5,SucceededAutoplayCheck,SucceededHeadphoneCheck,,eligible,,spreadsheet2,Yes,1,Yes,1,Yes,1,Correct,1,Correct,1,0
1,1741377319020,07/03/2025 19:55:19,1741355719020,-6,07/03/2025 07:55:19,215107,6,questionnaire-re3n,,44184008,BLIND,12875966,,complete,,67cb4f14b559db16097890db,computer,Desktop or Laptop,Windows 10,Chrome 130.0.0.0,1536x864,1536x730,,,0,Consent Form Study 1,5,SucceededAutoplayCheck,SucceededHeadphoneCheck,,eligible,,spreadsheet1,Yes,1,Yes,1,Yes,1,Correct,1,Correct,1,0
1,1741377575566,07/03/2025 19:59:35,1741355975566,-6,07/03/2025 07:59:35,215107,6,questionnaire-re3n,,44184083,BLIND,12875991,,complete,,67cb4e82f9086cc849ea3c64,computer,Desktop or Laptop,Windows 10,Chrome 132.0.0.0,1366x768,1366x607,,,0,Consent Form Study 1,5,SucceededAutoplayCheck,SucceededHeadphoneCheck,,eligible,,spreadsheet3,Yes,1,Yes,1,Yes,1,Correct,1,Correct,1,0
1,1741377811599,07/03/2025 20:03:31,1741352611599,-7,07/03/2025 06:03:31,215107,6,questionnaire-re3n,,44184160,BLIND,12876015,,complete,,67cb4f4ff2f1fe5729151e9d,computer,Desktop or Laptop,Windows 10,Chrome 133.0.0.0,1366x768,1366x641,,,0,Consent Form Study 1,5,SucceededAutoplayCheck,SucceededHeadphoneCheck,,eligible,,spreadsheet1,Yes,1,Yes,1,Yes,1,Correct,1,Correct,1,0
1,1741377890051,07/03/2025 20:04:50,1741349090051,-8,07/03/2025 04:04:50,215107,6,questionnaire-re3n,,44184221,BLIND,12876034,,complete,,67cb50f99d82412bc36ef288,computer,Desktop or Laptop,Mac OS 10.15.7,Safari 17.6,1512x982,1278x794,,,0,Consent Form Study 1,5,SucceededAutoplayCheck,SucceededHeadphoneCheck,,eligible,,spreadsheet2,Yes,1,Yes,1,Yes,1,Correct,1,Correct,1,0
1,1741377929481,07/03/2025 20:05:29,1741349129481,-8,07/03/2025 04:05:29,215107,6,questionnaire-re3n,,44184262,BLIND,12876045,,complete,,67cb516f8f1606650994a8c6,computer,Desktop or Laptop,Chromium OS 14541.0.0,Chrome 133.0.0.0,1536x864,1536x730,,,0,Consent Form Study 1,5,SucceededAutoplayCheck,FailedHeadphoneCheck,SucceededHeadphoneCheck,eligible,,spreadsheet3,Yes,1,Yes,1,Yes,1,Correct,1,Correct,1,0
1,1741377930650,07/03/2025 20:05:30,1741356330650,-6,07/03/2025 08:05:30,215107,6,questionnaire-re3n,,44184264,BLIND,12876046,,complete,,67cb5167f9086cc849ea3ce8,computer,Desktop or Laptop,Windows 10,Chrome 133.0.0.0,1536x1024,1536x855,,,0,Consent Form Study 1,5,SucceededAutoplayCheck,FailedHeadphoneCheck,SucceededHeadphoneCheck,eligible,,spreadsheet1,Yes,1,Yes,1,Yes,1,Correct,1,Correct,1,0
1,1741378026225,07/03/2025 20:07:06,1741356426225,-6,07/03/2025 08:07:06,215107,6,questionnaire-re3n,,44184366,BLIND,12876071,,complete,,67cb519dfe1e72b7bdc907aa,computer,Desktop or Laptop,Windows 10,Chrome 133.0.0.0,1366x768,1366x615,,,0,Consent Form Study 1,5,SucceededAutoplayCheck,FailedHeadphoneCheck,SucceededHeadphoneCheck,eligible,,spreadsheet2,Yes,1,Yes,1,Yes,1,Correct,1,Correct,1,0
1,1741378076913,07/03/2025 20:07:56,1741360076913,-5,07/03/2025 10:07:56,215107,6,questionnaire-re3n,,44184423,BLIND,12876085,,complete,,67cb51ae2891db7f07b49181,computer,Desktop or Laptop,Mac OS 10.15.7,Chrome 132.0.0.0,1440x900,1440x737,,,0,Consent Form Study 1,5,SucceededAutoplayCheck,SucceededHeadphoneCheck,,eligible,,spreadsheet4,Yes,1,Yes,1,Yes,1,Correct,1,Correct,1,0
1,1741378160171,07/03/2025 20:09:20,1741360160171,-5,07/03/2025 10:09:20,215107,6,questionnaire-re3n,,44184501,BLIND,12876104,,complete,,67cb5213995960ee68b838dc,computer,Desktop or Laptop,Windows 10,Chrome 134.0.0.0,1920x1080,1920x911,,,0,Consent Form Study 1,5,SucceededAutoplayCheck,FailedHeadphoneCheck,SucceededHeadphoneCheck,eligible,,spreadsheet4,Yes,1,Yes,1,Yes,1,Correct,1,Correct,1,0
1,1741378167321,07/03/2025 20:09:27,1741349367321,-8,07/03/2025 04:09:27,215107,6,questionnaire-re3n,,44184507,BLIND,12876106,,complete,,67cb52560c7f7f4a53fd0f47,computer,Desktop or Laptop,Windows 10,Chrome 134.0.0.0,1536x864,1536x703,,,0,Consent Form Study 1,5,SucceededAutoplayCheck,SucceededHeadphoneCheck,,eligible,,spreadsheet1,Yes,1,Yes,1,Yes,1,Correct,1,Correct,1,0
1,1741378165450,07/03/2025 20:09:25,1741360165450,-5,07/03/2025 10:09:25,215107,6,questionnaire-re3n,,44184509,BLIND,12876108,,complete,,67cb525431f16f57f5aaa545,computer,Desktop or Laptop,Mac OS 10.15,Firefox 136.0,1280x800,1280x591,,,0,Consent Form Study 1,5,SucceededAutoplayCheck,SucceededHeadphoneCheck,,eligible,,spreadsheet1,Yes,1,Yes,1,Yes,1,Correct,1,Correct,1,0
1,1741378289437,07/03/2025 20:11:29,1741353089437,-7,07/03/2025 06:11:29,215107,6,questionnaire-re3n,,44184631,BLIND,12876130,,complete,,67cb5148fe3f18b708541756,computer,Desktop or Laptop,Windows 10,Chrome 133.0.0.0,1536x864,1536x730,,,0,Consent Form Study 1,5,SucceededAutoplayCheck,SucceededHeadphoneCheck,,eligible,,spreadsheet1,Yes,1,Yes,1,Yes,1,Correct,1,Correct,1,0
1,1741378290935,07/03/2025 20:11:30,1741356690935,-6,07/03/2025 08:11:30,215107,6,questionnaire-re3n,,44184632,BLIND,12876131,,complete,,67cb528d7f60cb91375d9c3c,computer,Desktop or Laptop,Windows 10,Firefox 136.0,1707x960,1265x668,,,0,Consent Form Study 1,5,SucceededAutoplayCheck,SucceededHeadphoneCheck,,eligible,,spreadsheet2,Yes,1,Yes,1,Yes,1,Correct,1,Correct,1,0
1,1741378485436,07/03/2025 20:14:45,1741360485436,-5,07/03/2025 10:14:45,215107,6,questionnaire-re3n,,44184834,BLIND,12876174,,complete,,67cb53880a9f4ff1be57c82a,computer,Desktop or Laptop,Windows 10,Edge 133.0.0.0,1536x864,873x422,,,0,Consent Form Study 1,5,SucceededAutoplayCheck,SucceededHeadphoneCheck,,eligible,,spreadsheet3,Yes,1,Yes,1,Yes,1,Correct,1,Correct,1,0
1,1741378663187,07/03/2025 20:17:43,1741349863187,-8,07/03/2025 04:17:43,215107,6,questionnaire-re3n,,44184978,BLIND,12876203,,complete,,67cb528ffccbbb2cc6151dca,computer,Desktop or Laptop,Mac OS 10.15.7,Chrome 133.0.0.0,1470x956,1470x798,,,0,Consent Form Study 1,5,SucceededAutoplayCheck,SucceededHeadphoneCheck,,eligible,,spreadsheet1,Yes,1,Yes,1,Yes,1,Correct,1,Correct,1,0
1,1741378917464,07/03/2025 20:21:57,1741357317464,-6,07/03/2025 08:21:57,215107,6,questionnaire-re3n,,44185150,BLIND,12876234,,complete,,67cb53c2f2f1fe5729151f78,computer,Desktop or Laptop,Windows 10,Chrome 131.0.0.0,1920x1080,1920x911,,,0,Consent Form Study 1,5,SucceededAutoplayCheck,SucceededHeadphoneCheck,,eligible,,spreadsheet3,Yes,1,Yes,1,Yes,1,Correct,1,Correct,1,0
1,1741378919215,07/03/2025 20:21:59,1741357319215,-6,07/03/2025 08:21:59,215107,6,questionnaire-re3n,,44185152,BLIND,12876235,,complete,,67cb53bfcafb9a9a00802b9d,computer,Desktop or Laptop,Windows 10,Chrome 131.0.0.0,1920x1080,1920x911,,,0,Consent Form Study 1,5,SucceededAutoplayCheck,SucceededHeadphoneCheck,,eligible,,spreadsheet3,Yes,1,Yes,1,Yes,1,Correct,1,Correct,1,0
1,1741379117316,07/03/2025 20:25:17,1741361117316,-5,07/03/2025 10:25:17,215107,6,questionnaire-re3n,,44185262,BLIND,12876260,,complete,,67cb55faf150fe6a5af7d676,computer,Desktop or Laptop,Windows 10,Chrome 133.0.0.0,1536x864,1536x776,,,0,Consent Form Study 1,5,SucceededAutoplayCheck,FailedHeadphoneCheck,SucceededHeadphoneCheck,eligible,,spreadsheet3,Yes,1,Yes,1,Yes,1,Correct,1,Correct,1,0
1,1741379877802,07/03/2025 20:37:57,1741361877802,-5,07/03/2025 10:37:57,215107,6,questionnaire-re3n,,44185844,BLIND,12876401,,rejected - manual,,67cb3eedb25b2d513c79b26c,computer,Desktop or Laptop,Windows 10,Edge 133.0.0.0,1280x720,1272x544,,,0,Consent Form Study 1,5,SucceededAutoplayCheck,SucceededHeadphoneCheck,,eligible,,spreadsheet3,Yes,1,Yes,1,Yes,1,Correct,1,Correct,1,0
1,1741380210863,07/03/2025 20:43:30,1741362210863,-5,07/03/2025 10:43:30,215107,6,questionnaire-re3n,,44186032,BLIND,12876451,,complete,,67cb5a2a16c001bfb93166bb,computer,Desktop or Laptop,Windows 10,Chrome 123.0.0.0,1536x864,1536x742,,,0,Consent Form Study 1,5,SucceededAutoplayCheck,SucceededHeadphoneCheck,,eligible,,spreadsheet2,Yes,1,Yes,1,Yes,1,Correct,1,Correct,1,0
1,1741380624146,07/03/2025 20:50:24,1741362624146,-5,07/03/2025 10:50:24,215107,6,questionnaire-re3n,,44186298,BLIND,12876509,,complete,,67cb51ebf8c468c44147e7e7,computer,Desktop or Laptop,Windows 10,Chrome 134.0.0.0,1920x1080,1920x919,,,0,Consent Form Study 1,5,SucceededAutoplayCheck,SucceededHeadphoneCheck,,eligible,,spreadsheet3,Yes,1,Yes,1,Yes,1,Correct,1,Correct,1,0
1,1741381866305,07/03/2025 21:11:06,1741353066305,-8,07/03/2025 05:11:06,215107,6,questionnaire-re3n,,44186907,BLIND,12876660,,complete,,67cb60d353cdeec53c12d8cf,computer,Desktop or Laptop,Mac OS 10.15,Firefox 135.0,1440x900,1377x686,,,0,Consent Form Study 1,5,SucceededAutoplayCheck,SucceededHeadphoneCheck,,eligible,,spreadsheet1,Yes,1,Yes,1,Yes,1,Correct,1,Correct,1,0
1,1741382261994,07/03/2025 21:17:41,1741360661994,-6,07/03/2025 09:17:41,215107,6,questionnaire-re3n,,44187072,BLIND,12876690,,complete,,67cb6242cc03434a8955a064,computer,Desktop or Laptop,Windows 10,Chrome 131.0.0.0,1280x720,1078x1100,,,0,Consent Form Study 1,5,SucceededAutoplayCheck,SucceededHeadphoneCheck,,eligible,,spreadsheet2,Yes,1,Yes,1,Yes,1,Correct,1,Correct,1,0
1,1741382586388,07/03/2025 21:23:06,1741364586388,-5,07/03/2025 11:23:06,215107,6,questionnaire-re3n,,44187223,BLIND,12876725,,complete,,67cb63a8e5e84ec15af7e2ca,computer,Desktop or Laptop,Windows 10,Chrome 133.0.0.0,1920x1080,1920x911,,,0,Consent Form Study 1,5,SucceededAutoplayCheck,FailedHeadphoneCheck,SucceededHeadphoneCheck,eligible,,spreadsheet2,Yes,1,Yes,1,Yes,1,Correct,1,Correct,1,0
1,1741383022040,07/03/2025 21:30:22,1741365022040,-5,07/03/2025 11:30:22,215107,6,questionnaire-re3n,,44187423,BLIND,12876777,,complete,,67cb655c0a9f4ff1be57cb27,computer,Desktop or Laptop,Mac OS 10.15.7,Chrome 133.0.0.0,1440x900,1440x812,,,0,Consent Form Study 1,5,SucceededAutoplayCheck,SucceededHeadphoneCheck,,eligible,,spreadsheet4,Yes,1,Yes,1,Yes,1,Correct,1,Correct,1,0
1,1741383271718,07/03/2025 21:34:31,1741365271718,-5,07/03/2025 11:34:31,215107,6,questionnaire-re3n,,44187544,BLIND,12876808,,complete,,67cb60febeb0083e3e5a2c0d,computer,Desktop or Laptop,Windows 10,Chrome 133.0.0.0,3072x1728,767x738,,,0,Consent Form Study 1,5,SucceededAutoplayCheck,SucceededHeadphoneCheck,,eligible,,spreadsheet3,Yes,1,Yes,1,Yes,1,Correct,1,Correct,1,0
1,1741383695503,07/03/2025 21:41:35,1741365695503,-5,07/03/2025 11:41:35,215107,6,questionnaire-re3n,,44187691,BLIND,12876840,,complete,,67cb67a105a9234bdedfcacc,computer,Desktop or Laptop,Windows 10,Chrome 132.0.0.0,1366x768,1366x641,,,0,Consent Form Study 1,5,SucceededAutoplayCheck,FailedHeadphoneCheck,SucceededHeadphoneCheck,eligible,,spreadsheet2,Yes,1,Yes,1,Yes,1,Correct,1,Correct,1,0
1,1741383992005,07/03/2025 21:46:32,1741362392005,-6,07/03/2025 09:46:32,215107,6,questionnaire-re3n,,44187801,BLIND,12876867,,complete,,67cb6903d947f11ecea818cd,computer,Desktop or Laptop,Mac OS 10.15.7,Chrome 134.0.0.0,1920x1080,1920x906,,,0,Consent Form Study 1,5,SucceededAutoplayCheck,SucceededHeadphoneCheck,,eligible,,spreadsheet2,Yes,1,Yes,1,Yes,1,Correct,1,Correct,1,0
1,1741385412080,07/03/2025 22:10:12,1741363812080,-6,07/03/2025 10:10:12,215107,6,questionnaire-re3n,,44188354,BLIND,12876993,,complete,,67cb6d6a3547d18aa56059b1,computer,Desktop or Laptop,Windows 10,Chrome 133.0.0.0,1366x768,2049x898,,,0,Consent Form Study 1,5,SucceededAutoplayCheck,FailedHeadphoneCheck,SucceededHeadphoneCheck,eligible,,spreadsheet3,Yes,1,Yes,1,Yes,1,Correct,1,Correct,1,0
1,1741385556713,07/03/2025 22:12:36,1741363956713,-6,07/03/2025 10:12:36,215107,6,questionnaire-re3n,,44188356,BLIND,12876994,,complete,,67cb6396024e16f5ba409b44,computer,Desktop or Laptop,Windows 10,Chrome 131.0.0.0,1536x864,1536x695,,,0,Consent Form Study 1,5,SucceededAutoplayCheck,FailedHeadphoneCheck,SucceededHeadphoneCheck,eligible,,spreadsheet2,Yes,1,Yes,1,Yes,1,Correct,1,Correct,1,0
1,1741385431683,07/03/2025 22:10:31,1741363831683,-6,07/03/2025 10:10:31,215107,6,questionnaire-re3n,,44188365,BLIND,12876998,,complete,,67cb612f6b99bec7f1d23d14,computer,Desktop or Laptop,Windows 10,Chrome 131.0.0.0,1280x720,1212x1072,,,0,Consent Form Study 1,5,SucceededAutoplayCheck,SucceededHeadphoneCheck,,eligible,,spreadsheet3,Yes,1,Yes,1,Yes,1,Correct,1,Correct,1,0
1,1741386716030,07/03/2025 22:31:56,1741365116030,-6,07/03/2025 10:31:56,215107,6,questionnaire-re3n,,44188767,BLIND,12877091,,complete,,67cb73bc6b99bec7f1d2401a,computer,Desktop or Laptop,Windows 10,Chrome 134.0.0.0,1920x1080,1920x919,,,0,Consent Form Study 1,5,SucceededAutoplayCheck,SucceededHeadphoneCheck,,eligible,,spreadsheet1,Yes,1,Yes,1,Yes,1,Correct,1,Correct,1,0
1,1741386852993,07/03/2025 22:34:12,1741368852993,-5,07/03/2025 12:34:12,215107,6,questionnaire-re3n,,44188814,BLIND,12877107,,complete,,67cb73e5c850fec32bec42bf,computer,Desktop or Laptop,Windows 10,Chrome 133.0.0.0,1280x720,1600x732,,,0,Consent Form Study 1,5,SucceededAutoplayCheck,SucceededHeadphoneCheck,,eligible,,spreadsheet2,Yes,1,Yes,1,Yes,1,Correct,1,Correct,1,0
1,1741387562604,07/03/2025 22:46:02,1741369562604,-5,07/03/2025 12:46:02,215107,6,questionnaire-re3n,,44189047,BLIND,12877172,,complete,,67cb7707df49617e18e7accd,computer,Desktop or Laptop,Windows 10,Chrome 133.0.0.0,1722x969,1722x822,,,0,Consent Form Study 1,5,SucceededAutoplayCheck,SucceededHeadphoneCheck,,eligible,,spreadsheet4,Yes,1,Yes,1,Yes,1,Correct,1,Correct,1,0
1,1741387785469,07/03/2025 22:49:45,1741369785469,-5,07/03/2025 12:49:45,215107,6,questionnaire-re3n,,44189123,BLIND,12877187,,complete,,67cb7706756526edc191f804,computer,Desktop or Laptop,Windows 10,Chrome 133.0.0.0,1824x1026,1824x865,,,0,Consent Form Study 1,5,SucceededAutoplayCheck,SucceededHeadphoneCheck,,eligible,,spreadsheet3,Yes,1,Yes,1,Yes,1,Correct,1,Correct,1,0
1,1741387824250,07/03/2025 22:50:24,1741369824250,-5,07/03/2025 12:50:24,215107,6,questionnaire-re3n,,44189133,BLIND,12877189,,complete,,67cb773d32b7920d1236a935,computer,Desktop or Laptop,Mac OS 10.15.7,Chrome 132.0.0.0,1280x960,1680x962,,,0,Consent Form Study 1,5,SucceededAutoplayCheck,SucceededHeadphoneCheck,,eligible,,spreadsheet2,Yes,1,Yes,1,Yes,1,Correct,1,Correct,1,0
1,1741388095431,07/03/2025 22:54:55,1741370095431,-5,07/03/2025 12:54:55,215107,6,questionnaire-re3n,,44189222,BLIND,12877201,,complete,,67cb770ac2e71becd52488f3,computer,Desktop or Laptop,Windows 10,Chrome 133.0.0.0,1600x900,1600x731,,,0,Consent Form Study 1,5,SucceededAutoplayCheck,FailedHeadphoneCheck,SucceededHeadphoneCheck,eligible,,spreadsheet2,Yes,1,Yes,1,Yes,1,Correct,1,Correct,1,0
1,1741395234351,08/03/2025 00:53:54,1741366434351,-8,07/03/2025 08:53:54,215107,6,questionnaire-re3n,,44190428,BLIND,12877464,,complete,,67cb9509db2c741d7276b60d,computer,Desktop or Laptop,Windows 10,Firefox 136.0,1920x1080,1920x947,,,0,Consent Form Study 1,5,SucceededAutoplayCheck,SucceededHeadphoneCheck,,eligible,,spreadsheet3,Yes,1,Yes,1,Yes,1,Correct,1,Correct,1,0
1,1741395955363,08/03/2025 01:05:55,1741377955363,-5,07/03/2025 15:05:55,215107,6,questionnaire-re3n,,44190508,BLIND,12877470,,complete,,67cb97e8d0546c94a9e8f1b7,computer,Desktop or Laptop,Windows 10,Chrome 134.0.0.0,1707x960,1707x809,,,0,Consent Form Study 1,5,SucceededAutoplayCheck,SucceededHeadphoneCheck,,eligible,,spreadsheet3,Yes,1,Yes,1,Yes,1,Correct,1,Correct,1,0
1,1741396133199,08/03/2025 01:08:53,1741367333199,-8,07/03/2025 09:08:53,215107,6,questionnaire-re3n,,44190526,BLIND,12877474,,rejected - manual,,67cb988202bad003e4cad05b,computer,Desktop or Laptop,Windows 10,Chrome 134.0.0.0,1536x864,1536x751,,,0,Consent Form Study 1,5,SucceededAutoplayCheck,FailedHeadphoneCheck,SucceededHeadphoneCheck,eligible,,spreadsheet2,Yes,1,Yes,1,Yes,1,Correct,1,Correct,1,0
1,1741396615915,08/03/2025 01:16:55,1741367815915,-8,07/03/2025 09:16:55,215107,6,questionnaire-re3n,,44190557,BLIND,12877480,,complete,,67cb9a20f948c5103c53380e,computer,Desktop or Laptop,Windows 10,Chrome 129.0.0.0,1920x1200,1366x641,,,0,Consent Form Study 1,5,SucceededAutoplayCheck,FailedHeadphoneCheck,SucceededHeadphoneCheck,eligible,,spreadsheet2,Yes,1,Yes,1,Yes,1,Correct,1,Correct,1,0
END OF FILE
