Event Index,UTC Timestamp,UTC Date and Time,Local Timestamp,Local Timezone,Local Date and Time,Experiment ID,Experiment Version,Tree Node Key,Repeat Key,Schedule ID,Participant Private ID,Participant Starting Group,Participant Status,Participant Completion Code,Participant External Session ID,Participant Device Type,Participant Device,Participant OS,Participant Browser,Participant Monitor Size,Participant Viewport Size,Checkpoint,Task Name,Task Version,branch-ufbv,branch-x9dy,branch-62yz,Age object-31 Response,Age object-31 Quantised,Understand object-32 Response,Understand object-32 Quantised,Consent object-33 Response,Consent object-33 Quantised,Hearing object-21 Response,Hearing object-21 Quantised,Cognitive object-22 Response,Cognitive object-22 Quantised,Native  object-23 Response,Native  object-23 Quantised,Birthplace object-24 Response,Birthplace object-24 Quantised,Region object-25 Response,Region object-25 Quantised,Immersion object-27 Response,Immersion object-27 Quantised,Proficiency object-28 Response,Proficiency object-28 Quantised,LanguageLearning object-29 Response,LanguageLearning object-29 Quantised,JapaneseExperience object-30 Response,JapaneseExperience object-30 Quantised,Score: eligible,branch-1uap,randomiser-axxj,allocator-flaz,allocator-j6cm,randomiser-9tbp,randomiser-gbw5,randomiser-m29f,allocator-cukp,randomiser-fgpw,checkpoint-3r84,checkpoint-l4ng,checkpoint-wvx4,checkpoint-9ftt
,,,,,,,,,,,,,,,,,,,,,,,,,,,,I am age 18 or older. ,I am age 18 or older. ,I have read and understand the information above.,I have read and understand the information above.,I want to participate in this research and continue with the task.,I want to participate in this research and continue with the task.,I have no history of hearing impairment or auditory processing disorder.,I have no history of hearing impairment or auditory processing disorder.,I have no history of learning disability or memory impairment. ,I have no history of learning disability or memory impairment. ,My native language is English and only English. ,My native language is English and only English. ,My place of birth is in an English-speaking region.,My place of birth is in an English-speaking region.,I have never lived in a non-English-speaking region. ,I have never lived in a non-English-speaking region. ,The only language I have ever been immersed in is English. ,The only language I have ever been immersed in is English. ,My proficiency in all other languages is low or non-existent.,My proficiency in all other languages is low or non-existent.,I am not currently learning a language.,I am not currently learning a language.,"I have no experience, past or present, learning Japanese. ","I have no experience, past or present, learning Japanese. ",eligible,,,,,,,,,,,,,
﻿1,1741900716612,"13/03/2025, 21:18:36",1741886316612,-4,"13/03/2025, 13:18:36",215590,3,questionnaire-re3n,,44389621,12936113,,complete,,67d5f1c94e8eabcb0e076be9,computer,Desktop or Laptop,Windows 10,Chrome 134.0.0.0,1707x1067,1707x945,day 1 complete,Consent Form Study 2,4,SucceededAutoplayCheck,SucceededHeadphoneCheck,,Yes,1,Yes,1,Yes,1,Correct,1,Correct,1,Correct,1,Correct,1,Correct,1,Correct,1,Correct,1,Correct,1,Correct,1,0,eligible,,spreadsheet1,highLD,,,F-different J-same,spreadsheet1,,,,,day 1 complete
﻿1,1741901169463,"13/03/2025, 21:26:09",1741886769463,-4,"13/03/2025, 13:26:09",215590,3,questionnaire-re3n,,44389885,12936200,,complete,,67d34cf12892d23f4e7a28ed,computer,Desktop or Laptop,Mac OS 10.15.7,Safari 16.6,1680x1050,1471x840,day 1 complete,Consent Form Study 2,4,SucceededAutoplayCheck,FailedHeadphoneCheck,SucceededHeadphoneCheck,Yes,1,Yes,1,Yes,1,Correct,1,Correct,1,Correct,1,Correct,1,Correct,1,Correct,1,Correct,1,Correct,1,Correct,1,0,eligible,,spreadsheet1,highLD,,,F-same J-different,spreadsheet3,,,,day 1 complete,
﻿1,1741901248158,"13/03/2025, 21:27:28",1741886848158,-4,"13/03/2025, 13:27:28",215590,3,questionnaire-re3n,,44389932,12936215,,live,,67d34daba3ec4d152b703a1f,computer,Desktop or Laptop,Windows 10,Firefox 136.0,1600x1000,1600x868,day 1 complete,Consent Form Study 2,4,SucceededAutoplayCheck,SucceededHeadphoneCheck,,Yes,1,Yes,1,Yes,1,Correct,1,Correct,1,Correct,1,Correct,1,Correct,1,Correct,1,Correct,1,Correct,1,Correct,1,0,eligible,,spreadsheet2,highLD,,,F-different J-same,,,,,,day 1 complete
﻿1,1741901310090,"13/03/2025, 21:28:30",1741883310090,-5,"13/03/2025, 11:28:30",215590,3,questionnaire-re3n,,44389975,12936227,,complete,,67d34dd0695ce74da1053128,computer,Desktop or Laptop,Windows 10,Chrome 133.0.0.0,1536x864,1536x695,day 1 complete,Consent Form Study 2,4,SucceededAutoplayCheck,SucceededHeadphoneCheck,,Yes,1,Yes,1,Yes,1,Correct,1,Correct,1,Correct,1,Correct,1,Correct,1,Correct,1,Correct,1,Correct,1,Correct,1,0,eligible,F-different J-same,spreadsheet4,lowLD,,,,spreadsheet3,,,day 1 complete,,
﻿1,1741901398701,"13/03/2025, 21:29:58",1741886998701,-4,"13/03/2025, 13:29:58",215590,3,questionnaire-re3n,,44389991,12936232,,complete,,67d34da27d127d4ae1b271be,computer,Desktop or Laptop,Windows 10,Chrome 134.0.0.0,1280x800,1280x712,day 1 complete,Consent Form Study 2,4,SucceededAutoplayCheck,SucceededHeadphoneCheck,,Yes,1,Yes,1,Yes,1,Correct,1,Correct,1,Correct,1,Correct,1,Correct,1,Correct,1,Correct,1,Correct,1,Correct,1,0,eligible,F-different J-same,spreadsheet2,lowLD,,,,spreadsheet1,,,day 1 complete,,
﻿1,1741901389354,"13/03/2025, 21:29:49",1741883389354,-5,"13/03/2025, 11:29:49",215590,3,questionnaire-re3n,,44390024,12936242,,complete,,67d519ae5b646a9110777f91,computer,Desktop or Laptop,Windows 10,Chrome 134.0.0.0,1685x948,1685x785,day 1 complete,Consent Form Study 2,4,SucceededAutoplayCheck,SucceededHeadphoneCheck,,Yes,1,Yes,1,Yes,1,Correct,1,Correct,1,Correct,1,Correct,1,Correct,1,Correct,1,Correct,1,Correct,1,Correct,1,0,eligible,,spreadsheet1,highLD,,,F-same J-different,spreadsheet2,,,,day 1 complete,
﻿1,1741901491914,"13/03/2025, 21:31:31",1741876291914,-7,"13/03/2025, 07:31:31",215590,3,questionnaire-re3n,,44390102,12936256,,complete,,67d34ea3ef330991ae16322e,computer,Desktop or Laptop,Windows 10,Chrome 134.0.0.0,2048x1152,2048x1018,day 1 complete,Consent Form Study 2,4,SucceededAutoplayCheck,SucceededHeadphoneCheck,,Yes,1,Yes,1,Yes,1,Correct,1,Correct,1,Correct,1,Correct,1,Correct,1,Correct,1,Correct,1,Correct,1,Correct,1,0,eligible,,spreadsheet1,highLD,,,F-same J-different,spreadsheet4,,,,day 1 complete,
﻿1,1741901756687,"13/03/2025, 21:35:56",1741883756687,-5,"13/03/2025, 11:35:56",215590,3,questionnaire-re3n,,44390248,12936284,,complete,,67d4b72319fad17d152a6c1c,computer,Desktop or Laptop,Windows 10,Edge 134.0.0.0,848x477,1260x552,day 1 complete,Consent Form Study 2,4,SucceededAutoplayCheck,SucceededHeadphoneCheck,,Yes,1,Yes,1,Yes,1,Correct,1,Correct,1,Correct,1,Correct,1,Correct,1,Correct,1,Correct,1,Correct,1,Correct,1,0,eligible,F-same J-different,spreadsheet4,lowLD,,,,spreadsheet1,,day 1 complete,,,
﻿1,1741901800184,"13/03/2025, 21:36:40",1741887400184,-4,"13/03/2025, 13:36:40",215590,3,questionnaire-re3n,,44390275,12936292,,complete,,67d519d2e627cb7f6abc2820,computer,Desktop or Laptop,Mac OS 10.15.7,Safari 18.3,1792x1120,1792x1040,day 1 complete,Consent Form Study 2,4,SucceededAutoplayCheck,FailedHeadphoneCheck,SucceededHeadphoneCheck,Yes,1,Yes,1,Yes,1,Correct,1,Correct,1,Correct,1,Correct,1,Correct,1,Correct,1,Correct,1,Correct,1,Correct,1,0,eligible,F-same J-different,spreadsheet3,lowLD,,,,spreadsheet2,,day 1 complete,,,
﻿1,1741902063180,"13/03/2025, 21:41:03",1741884063180,-5,"13/03/2025, 11:41:03",215590,3,questionnaire-re3n,,44390443,12936335,,live,,67d3509b566a1bde7d3efa0f,computer,Desktop or Laptop,Windows 10,Chrome 130.0.0.0,2560x1440,1249x1285,day 1 complete,Consent Form Study 2,4,SucceededAutoplayCheck,FailedHeadphoneCheck,SucceededHeadphoneCheck,Yes,1,Yes,1,Yes,1,Correct,1,Correct,1,Correct,1,Correct,1,Correct,1,Correct,1,Correct,1,Correct,1,Correct,1,0,eligible,F-different J-same,spreadsheet1,lowLD,,,,,,,day 1 complete,,
﻿1,1741902083900,"13/03/2025, 21:41:23",1741887683900,-4,"13/03/2025, 13:41:23",215590,3,questionnaire-re3n,,44390463,12936341,,complete,,67d4cf1e580dc062e9861c32,computer,Desktop or Laptop,Windows 10,Chrome 134.0.0.0,1920x1080,1920x919,day 1 complete,Consent Form Study 2,4,SucceededAutoplayCheck,SucceededHeadphoneCheck,,Yes,1,Yes,1,Yes,1,Correct,1,Correct,1,Correct,1,Correct,1,Correct,1,Correct,1,Correct,1,Correct,1,Correct,1,0,eligible,,spreadsheet4,highLD,,,F-different J-same,spreadsheet4,,,,,day 1 complete
﻿1,1741902137116,"13/03/2025, 21:42:17",1741884137116,-5,"13/03/2025, 11:42:17",215590,3,questionnaire-re3n,,44390491,12936351,,complete,,67d3503663a21e46b00bd479,computer,Desktop or Laptop,Chromium OS 14541.0.0,Chrome 133.0.0.0,1366x768,1366x633,day 1 complete,Consent Form Study 2,4,SucceededAutoplayCheck,FailedHeadphoneCheck,SucceededHeadphoneCheck,Yes,1,Yes,1,Yes,1,Correct,1,Correct,1,Correct,1,Correct,1,Correct,1,Correct,1,Correct,1,Correct,1,Correct,1,0,eligible,,spreadsheet1,highLD,,,F-different J-same,spreadsheet2,,,,,day 1 complete
1,1741902564831,"13/03/2025, 21:49:24",1741888164831,-4,"13/03/2025, 13:49:24",215590,3,questionnaire-re3n,,44390714,12936417,,complete,,67d4c2e4da7b9676bcb44f09,computer,Desktop or Laptop,Windows 10,Firefox 136.0,1024x576,1024x514,day 1 complete,Consent Form Study 2,4,SucceededAutoplayCheck,SucceededHeadphoneCheck,,Yes,1,Yes,1,Yes,1,Correct,1,Correct,1,Correct,1,Correct,1,Correct,1,Correct,1,Correct,1,Correct,1,Correct,1,0,eligible,F-same J-different,spreadsheet2,lowLD,,,,spreadsheet3,,day 1 complete,,,
﻿1,1741902780994,"13/03/2025, 21:53:00",1741877580994,-7,"13/03/2025, 07:53:00",215590,3,questionnaire-re3n,,44390805,12936444,,live,,67d35377a5cab2f26feb1e12,computer,Desktop or Laptop,Windows 10,Chrome 133.0.0.0,1366x768,1366x607,day 1 complete,Consent Form Study 2,4,SucceededAutoplayCheck,SucceededHeadphoneCheck,,Yes,1,Yes,1,Yes,1,Correct,1,Correct,1,Correct,1,Correct,1,Correct,1,Correct,1,Correct,1,Correct,1,Correct,1,0,eligible,F-same J-different,spreadsheet2,lowLD,,,,,,day 1 complete,,,
﻿1,1741902934174,"13/03/2025, 21:55:34",1741877734174,-7,"13/03/2025, 07:55:34",215590,3,questionnaire-re3n,,44390871,12936462,,complete,,67d35417593c107f86630462,computer,Desktop or Laptop,Mac OS 10.15.7,Chrome 131.0.0.0,1470x956,1373x774,day 1 complete,Consent Form Study 2,4,SucceededAutoplayCheck,SucceededHeadphoneCheck,,Yes,1,Yes,1,Yes,1,Correct,1,Correct,1,Correct,1,Correct,1,Correct,1,Correct,1,Correct,1,Correct,1,Correct,1,0,eligible,,spreadsheet2,highLD,,,F-same J-different,spreadsheet4,,,,day 1 complete,
﻿1,1741902954356,"13/03/2025, 21:55:54",1741881354356,-6,"13/03/2025, 09:55:54",215590,3,questionnaire-re3n,,44390875,12936464,,complete,,67d51bfeaab2c0f797cbc7fe,computer,Desktop or Laptop,Windows 10,Chrome 134.0.0.0,1920x1080,1920x945,day 1 complete,Consent Form Study 2,4,SucceededAutoplayCheck,SucceededHeadphoneCheck,,Yes,1,Yes,1,Yes,1,Correct,1,Correct,1,Correct,1,Correct,1,Correct,1,Correct,1,Correct,1,Correct,1,Correct,1,0,eligible,,spreadsheet3,highLD,,,F-different J-same,spreadsheet3,,,,,day 1 complete
﻿1,1741902995282,"13/03/2025, 21:56:35",1741888595282,-4,"13/03/2025, 13:56:35",215590,3,questionnaire-re3n,,44390901,12936469,,complete,,67d353f49a4386afde01034a,computer,Desktop or Laptop,Windows 10,Chrome 130.0.0.0,800x600,1920x953,day 1 complete,Consent Form Study 2,4,SucceededAutoplayCheck,SucceededHeadphoneCheck,,Yes,1,Yes,1,Yes,1,Correct,1,Correct,1,Correct,1,Correct,1,Correct,1,Correct,1,Correct,1,Correct,1,Correct,1,0,eligible,F-different J-same,spreadsheet3,lowLD,,,,spreadsheet4,,,day 1 complete,,
﻿1,1741903070726,"13/03/2025, 21:57:50",1741888670726,-4,"13/03/2025, 13:57:50",215590,3,questionnaire-re3n,,44390928,12936481,,complete,,67d4d33aaa5737666a778cdb,computer,Desktop or Laptop,Windows 10,Chrome 134.0.0.0,1536x864,1536x714,day 1 complete,Consent Form Study 2,4,SucceededAutoplayCheck,SucceededHeadphoneCheck,,Yes,1,Yes,1,Yes,1,Correct,1,Correct,1,Correct,1,Correct,1,Correct,1,Correct,1,Correct,1,Correct,1,Correct,1,0,eligible,F-same J-different,spreadsheet1,lowLD,,,,spreadsheet3,,day 1 complete,,,
1,1741902858135,"13/03/2025, 21:54:18",1741888458135,-4,"13/03/2025, 13:54:18",215590,3,questionnaire-re3n,,44390969,12936495,,complete,,67d35127209c1928b7abcda2,computer,Desktop or Laptop,Windows 10,Chrome 132.0.0.0,1400x864,1536x730,day 1 complete,Consent Form Study 2,4,SucceededAutoplayCheck,SucceededHeadphoneCheck,,Yes,1,Yes,1,Yes,1,Correct,1,Correct,1,Correct,1,Correct,1,Correct,1,Correct,1,Correct,1,Correct,1,Correct,1,0,eligible,F-different J-same,spreadsheet2,lowLD,,,,spreadsheet4,,,day 1 complete,,
1,1741903532128,"13/03/2025, 22:05:32",1741878332128,-7,"13/03/2025, 08:05:32",215590,3,questionnaire-re3n,,44391137,12936538,,complete,,67d66fc199379812c8dc7449,computer,Desktop or Laptop,Windows 10,Chrome 134.0.0.0,1829x1029,1830x896,day 1 complete,Consent Form Study 2,4,SucceededAutoplayCheck,SucceededHeadphoneCheck,,Yes,1,Yes,1,Yes,1,Correct,1,Correct,1,Correct,1,Correct,1,Correct,1,Correct,1,Correct,1,Correct,1,Correct,1,0,eligible,,spreadsheet1,highLD,,,F-same J-different,spreadsheet3,,,,day 1 complete,
﻿1,1741903956303,"13/03/2025, 22:12:36",1741885956303,-5,"13/03/2025, 12:12:36",215590,3,questionnaire-re3n,,44391301,12936582,,complete,,67d537b30c3c9a0cc0a0c39e,computer,Desktop or Laptop,Windows 10,Chrome 134.0.0.0,1536x864,1536x864,day 1 complete,Consent Form Study 2,4,SucceededAutoplayCheck,SucceededHeadphoneCheck,,Yes,1,Yes,1,Yes,1,Correct,1,Correct,1,Correct,1,Correct,1,Correct,1,Correct,1,Correct,1,Correct,1,Correct,1,0,eligible,F-different J-same,spreadsheet4,lowLD,,,,spreadsheet2,,,day 1 complete,,
﻿1,1741904024733,"13/03/2025, 22:13:44",1741889624733,-4,"13/03/2025, 14:13:44",215590,3,questionnaire-re3n,,44391330,12936589,,complete,,67d35854fd0f5a172d9c5e14,computer,Desktop or Laptop,Windows 10,Chrome 129.0.0.0,1366x768,2049x1018,day 1 complete,Consent Form Study 2,4,SucceededAutoplayCheck,SucceededHeadphoneCheck,,Yes,1,Yes,1,Yes,1,Correct,1,Correct,1,Correct,1,Correct,1,Correct,1,Correct,1,Correct,1,Correct,1,Correct,1,0,eligible,,spreadsheet2,highLD,,,F-different J-same,spreadsheet3,,,,,day 1 complete
1,1741904048403,"13/03/2025, 22:14:08",1741889648403,-4,"13/03/2025, 14:14:08",215590,3,questionnaire-re3n,,44391337,12936593,,complete,,67d5eaf91fa0c89dfbd50215,computer,Desktop or Laptop,Windows 10,Chrome 134.0.0.0,2560x1440,2560x1271,day 1 complete,Consent Form Study 2,4,SucceededAutoplayCheck,FailedHeadphoneCheck,SucceededHeadphoneCheck,Yes,1,Yes,1,Yes,1,Correct,1,Correct,1,Correct,1,Correct,1,Correct,1,Correct,1,Correct,1,Correct,1,Correct,1,0,eligible,F-same J-different,spreadsheet4,lowLD,,,,spreadsheet4,,day 1 complete,,,
﻿1,1741904107621,"13/03/2025, 22:15:07",1741889707621,-4,"13/03/2025, 14:15:07",215590,3,questionnaire-re3n,,44391363,12936600,,complete,,67d5d8aef6e8e3544d33efc4,computer,Desktop or Laptop,Windows 10,Chrome 134.0.0.0,1920x1080,1920x901,day 1 complete,Consent Form Study 2,4,SucceededAutoplayCheck,SucceededHeadphoneCheck,,Yes,1,Yes,1,Yes,1,Correct,1,Correct,1,Correct,1,Correct,1,Correct,1,Correct,1,Correct,1,Correct,1,Correct,1,0,eligible,,spreadsheet4,highLD,,,F-different J-same,spreadsheet3,,,,,day 1 complete
﻿1,1741904138643,"13/03/2025, 22:15:38",1741889738643,-4,"13/03/2025, 14:15:38",215590,3,questionnaire-re3n,,44391379,12936605,,complete,,67d358e86e914e2f82fbf20f,computer,Desktop or Laptop,Chromium OS 14541.0.0,Chrome 133.0.0.0,1616x909,1616x822,day 1 complete,Consent Form Study 2,4,SucceededAutoplayCheck,SucceededHeadphoneCheck,,Yes,1,Yes,1,Yes,1,Correct,1,Correct,1,Correct,1,Correct,1,Correct,1,Correct,1,Correct,1,Correct,1,Correct,1,0,eligible,F-same J-different,spreadsheet3,lowLD,,,,spreadsheet1,,day 1 complete,,,
﻿1,1741904214782,"13/03/2025, 22:16:54",1741889814782,-4,"13/03/2025, 14:16:54",215590,3,questionnaire-re3n,,44391411,12936612,,complete,,67d607fd69a6abd0bd2a7e15,computer,Desktop or Laptop,Mac OS 15.0,Opera Touch 5.4.2,375x812,1280x2137,day 1 complete,Consent Form Study 2,4,SucceededAutoplayCheck,FailedHeadphoneCheck,SucceededHeadphoneCheck,Yes,1,Yes,1,Yes,1,Correct,1,Correct,1,Correct,1,Correct,1,Correct,1,Correct,1,Correct,1,Correct,1,Correct,1,0,eligible,F-same J-different,spreadsheet2,lowLD,,,,spreadsheet4,,day 1 complete,,,
﻿1,1741904232076,"13/03/2025, 22:17:12",1741886232076,-5,"13/03/2025, 12:17:12",215590,3,questionnaire-re3n,,44391412,12936613,,complete,,67d3592dd9a6c5b6c92f9ad0,computer,Desktop or Laptop,Linux x86_64,Chrome 133.0.0.0,1366x768,1366x649,day 1 complete,Consent Form Study 2,4,SucceededAutoplayCheck,SucceededHeadphoneCheck,,Yes,1,Yes,1,Yes,1,Correct,1,Correct,1,Correct,1,Correct,1,Correct,1,Correct,1,Correct,1,Correct,1,Correct,1,0,eligible,,spreadsheet1,highLD,,,F-same J-different,spreadsheet3,,,,day 1 complete,
﻿1,1741904226288,"13/03/2025, 22:17:06",1741879026288,-7,"13/03/2025, 08:17:06",215590,3,questionnaire-re3n,,44391414,12936614,,complete,,67d4d55fc1270133fccb9f05,computer,Desktop or Laptop,Windows 10,Chrome 134.0.0.0,1366x768,1366x633,day 1 complete,Consent Form Study 2,4,SucceededAutoplayCheck,FailedHeadphoneCheck,SucceededHeadphoneCheck,Yes,1,Yes,1,Yes,1,Correct,1,Correct,1,Correct,1,Correct,1,Correct,1,Correct,1,Correct,1,Correct,1,Correct,1,0,eligible,,spreadsheet3,highLD,,,F-different J-same,spreadsheet4,,,,,day 1 complete
﻿1,1741904296169,"13/03/2025, 22:18:16",1741886296169,-5,"13/03/2025, 12:18:16",215590,3,questionnaire-re3n,,44391442,12936624,,live,,67d3582f14643628dbf0f74f,computer,Desktop or Laptop,Mac OS 10.15.7,Chrome 134.0.0.0,1440x900,1440x788,day 1 complete,Consent Form Study 2,4,SucceededAutoplayCheck,FailedHeadphoneCheck,SucceededHeadphoneCheck,Yes,1,Yes,1,Yes,1,Correct,1,Correct,1,Correct,1,Correct,1,Correct,1,Correct,1,Correct,1,Correct,1,Correct,1,0,eligible,,spreadsheet1,highLD,,,F-same J-different,,,,,day 1 complete,
1,1741904316695,"13/03/2025, 22:18:36",1741889916695,-4,"13/03/2025, 14:18:36",215590,3,questionnaire-re3n,,44391458,12936630,,complete,,67d5966122f22125016d0309,computer,Desktop or Laptop,Windows 10,Chrome 134.0.0.0,2560x1440,1598x846,day 1 complete,Consent Form Study 2,4,SucceededAutoplayCheck,FailedHeadphoneCheck,SucceededHeadphoneCheck,Yes,1,Yes,1,Yes,1,Correct,1,Correct,1,Correct,1,Correct,1,Correct,1,Correct,1,Correct,1,Correct,1,Correct,1,0,eligible,,spreadsheet1,highLD,,,F-same J-different,spreadsheet2,,,,day 1 complete,
﻿1,1741904360146,"13/03/2025, 22:19:20",1741886360146,-5,"13/03/2025, 12:19:20",215590,3,questionnaire-re3n,,44391482,12936635,,complete,,67d359b119fb3c26b5101a9a,computer,Desktop or Laptop,Mac OS 10.15,Firefox 136.0,1440x900,1250x763,day 1 complete,Consent Form Study 2,4,SucceededAutoplayCheck,SucceededHeadphoneCheck,,Yes,1,Yes,1,Yes,1,Correct,1,Correct,1,Correct,1,Correct,1,Correct,1,Correct,1,Correct,1,Correct,1,Correct,1,0,eligible,,spreadsheet3,highLD,,,F-different J-same,spreadsheet4,,,,,day 1 complete
﻿1,1741904436222,"13/03/2025, 22:20:36",1741879236222,-7,"13/03/2025, 08:20:36",215590,3,questionnaire-re3n,,44391525,12936644,,complete,,67d4c3b413d45c44b3509243,computer,Desktop or Laptop,Windows 10,Chrome 134.0.0.0,1920x1080,1452x918,day 1 complete,Consent Form Study 2,4,SucceededAutoplayCheck,FailedHeadphoneCheck,SucceededHeadphoneCheck,Yes,1,Yes,1,Yes,1,Correct,1,Correct,1,Correct,1,Correct,1,Correct,1,Correct,1,Correct,1,Correct,1,Correct,1,0,eligible,,spreadsheet3,highLD,,,F-different J-same,spreadsheet2,,,,,day 1 complete
﻿1,1741904448060,"13/03/2025, 22:20:48",1741886448060,-5,"13/03/2025, 12:20:48",215590,3,questionnaire-re3n,,44391532,12936645,,complete,,67d358c16e8c18e04fbc94d6,computer,Desktop or Laptop,Windows 10,Chrome 134.0.0.0,1920x1080,1920x957,day 1 complete,Consent Form Study 2,4,SucceededAutoplayCheck,FailedHeadphoneCheck,SucceededHeadphoneCheck,Yes,1,Yes,1,Yes,1,Correct,1,Correct,1,Correct,1,Correct,1,Correct,1,Correct,1,Correct,1,Correct,1,Correct,1,0,eligible,F-different J-same,spreadsheet2,lowLD,,,,spreadsheet1,,,day 1 complete,,
﻿1,1741904472724,"13/03/2025, 22:21:12",1741886472724,-5,"13/03/2025, 12:21:12",215590,3,questionnaire-re3n,,44391546,12936648,,rejected - manual,,67d359feba06efc04050b848,computer,Desktop or Laptop,Windows 10,Edge 134.0.0.0,1536x864,767x224,day 1 complete,Consent Form Study 2,4,SucceededAutoplayCheck,SucceededHeadphoneCheck,,Yes,1,Yes,1,Yes,1,Correct,1,Correct,1,Correct,1,Correct,1,Correct,1,Correct,1,Correct,1,Correct,1,Correct,1,0,eligible,F-same J-different,spreadsheet2,lowLD,,,,,,day 1 complete,,,
﻿1,1741904658237,"13/03/2025, 22:24:18",1741879458237,-7,"13/03/2025, 08:24:18",215590,3,questionnaire-re3n,,44391627,12936666,,complete,,67d5984cb0aff908dcb01e8e,computer,Desktop or Laptop,Windows 10,Chrome 134.0.0.0,1366x768,1366x633,day 1 complete,Consent Form Study 2,4,SucceededAutoplayCheck,SucceededHeadphoneCheck,,Yes,1,Yes,1,Yes,1,Correct,1,Correct,1,Correct,1,Correct,1,Correct,1,Correct,1,Correct,1,Correct,1,Correct,1,0,eligible,,spreadsheet3,highLD,,,F-same J-different,spreadsheet3,,,,day 1 complete,
﻿1,1741904703147,"13/03/2025, 22:25:03",1741886703147,-5,"13/03/2025, 12:25:03",215590,3,questionnaire-re3n,,44391659,12936674,,complete,,67d35b1edab36a23e5abce5b,computer,Desktop or Laptop,Chromium OS 14816.131.0,Chrome 103.0.0.0,1366x768,1366x649,day 1 complete,Consent Form Study 2,4,SucceededAutoplayCheck,FailedHeadphoneCheck,SucceededHeadphoneCheck,Yes,1,Yes,1,Yes,1,Correct,1,Correct,1,Correct,1,Correct,1,Correct,1,Correct,1,Correct,1,Correct,1,Correct,1,0,eligible,F-same J-different,spreadsheet1,lowLD,,,,spreadsheet4,,day 1 complete,,,
﻿1,1741904728125,"13/03/2025, 22:25:28",1741886728125,-5,"13/03/2025, 12:25:28",215590,3,questionnaire-re3n,,44391668,12936675,,complete,,67d55395f11d059d639b6a0d,computer,Desktop or Laptop,Windows 10,Chrome 128.0.0.0,1536x864,1536x776,day 1 complete,Consent Form Study 2,4,SucceededAutoplayCheck,SucceededHeadphoneCheck,,Yes,1,Yes,1,Yes,1,Correct,1,Correct,1,Correct,1,Correct,1,Correct,1,Correct,1,Correct,1,Correct,1,Correct,1,0,eligible,,spreadsheet2,highLD,,,F-same J-different,spreadsheet3,,,,day 1 complete,
﻿1,1741904796043,"13/03/2025, 22:26:36",1741879596043,-7,"13/03/2025, 08:26:36",215590,3,questionnaire-re3n,,44391694,12936680,,live,,67d35b8310179e4b86238a5d,computer,Desktop or Laptop,Windows 10,Chrome 133.0.0.0,1536x864,1536x695,day 1 complete,Consent Form Study 2,4,SucceededAutoplayCheck,SucceededHeadphoneCheck,,Yes,1,Yes,1,Yes,1,Correct,1,Correct,1,Correct,1,Correct,1,Correct,1,Correct,1,Correct,1,Correct,1,Correct,1,0,eligible,,spreadsheet3,highLD,,,F-different J-same,,,,,,day 1 complete
﻿1,1741904828637,"13/03/2025, 22:27:08",1741890428637,-4,"13/03/2025, 14:27:08",215590,3,questionnaire-re3n,,44391715,12936685,,live,,67d35b7ad51f6963e999972d,computer,Desktop or Laptop,Windows 10,Chrome 134.0.0.0,2048x1280,1398x1119,day 1 complete,Consent Form Study 2,4,SucceededAutoplayCheck,SucceededHeadphoneCheck,,Yes,1,Yes,1,Yes,1,Correct,1,Correct,1,Correct,1,Correct,1,Correct,1,Correct,1,Correct,1,Correct,1,Correct,1,0,eligible,,spreadsheet2,highLD,,,F-same J-different,,,,,day 1 complete,
﻿1,1741904914085,"13/03/2025, 22:28:34",1741886914085,-5,"13/03/2025, 12:28:34",215590,3,questionnaire-re3n,,44391723,12936687,,rejected - manual,,67d35b2047018e1b167580c6,computer,Desktop or Laptop,Windows 10,Chrome 132.0.0.0,1366x768,1366x607,day 1 complete,Consent Form Study 2,4,SucceededAutoplayCheck,SucceededHeadphoneCheck,,Yes,1,Yes,1,Yes,1,Correct,1,Correct,1,Correct,1,Correct,1,Correct,1,Correct,1,Correct,1,Correct,1,Correct,1,0,eligible,,spreadsheet3,highLD,,,F-same J-different,,,,,day 1 complete,
﻿1,1741904940121,"13/03/2025, 22:29:00",1741890540121,-4,"13/03/2025, 14:29:00",215590,3,questionnaire-re3n,,44391788,12936711,,rejected - manual,,67d35bf8ca6ca775db029df2,computer,Desktop or Laptop,Windows 10,Chrome 134.0.0.0,1536x864,1536x738,day 1 complete,Consent Form Study 2,4,SucceededAutoplayCheck,FailedHeadphoneCheck,SucceededHeadphoneCheck,Yes,1,Yes,1,Yes,1,Correct,1,Correct,1,Correct,1,Correct,1,Correct,1,Correct,1,Correct,1,Correct,1,Correct,1,0,eligible,,spreadsheet2,highLD,,,F-same J-different,,,,,day 1 complete,
﻿1,1741905026057,"13/03/2025, 22:30:26",1741890626057,-4,"13/03/2025, 14:30:26",215590,3,questionnaire-re3n,,44391840,12936724,,complete,,67d35b310367a6b77c881d9b,computer,Desktop or Laptop,Windows 10,Chrome 130.0.0.0,1600x900,1600x731,day 1 complete,Consent Form Study 2,4,SucceededAutoplayCheck,SucceededHeadphoneCheck,,Yes,1,Yes,1,Yes,1,Correct,1,Correct,1,Correct,1,Correct,1,Correct,1,Correct,1,Correct,1,Correct,1,Correct,1,0,eligible,F-same J-different,spreadsheet4,lowLD,,,,spreadsheet4,,day 1 complete,,,
﻿1,1741905074659,"13/03/2025, 22:31:14",1741887074659,-5,"13/03/2025, 12:31:14",215590,3,questionnaire-re3n,,44391869,12936729,,complete,,67d35c79e427fe346172a96f,computer,Desktop or Laptop,Windows 10,Chrome 131.0.0.0,1280x720,1280x593,day 1 complete,Consent Form Study 2,4,SucceededAutoplayCheck,SucceededHeadphoneCheck,,Yes,1,Yes,1,Yes,1,Correct,1,Correct,1,Correct,1,Correct,1,Correct,1,Correct,1,Correct,1,Correct,1,Correct,1,0,eligible,F-same J-different,spreadsheet4,lowLD,,,,spreadsheet3,,day 1 complete,,,
﻿1,1741901481596,"13/03/2025, 21:31:21",1741876281596,-7,"13/03/2025, 07:31:21",215590,3,questionnaire-re3n,,44391874,12936731,,complete,,67d4cc4ec1270133fccb9cee,computer,Desktop or Laptop,Windows 10,Chrome 134.0.0.0,1536x1024,1536x889,day 1 complete,Consent Form Study 2,4,SucceededAutoplayCheck,SucceededHeadphoneCheck,,Yes,1,Yes,1,Yes,1,Correct,1,Correct,1,Correct,1,Correct,1,Correct,1,Correct,1,Correct,1,Correct,1,Correct,1,0,eligible,,spreadsheet3,highLD,,,F-same J-different,spreadsheet4,,,,day 1 complete,
﻿1,1741905185865,"13/03/2025, 22:33:05",1741879985865,-7,"13/03/2025, 08:33:05",215590,3,questionnaire-re3n,,44391922,12936742,,complete,,67d4c990aa5737666a778ad4,computer,Desktop or Laptop,Mac OS 10.15.7,Chrome 128.0.0.0,1792x1120,1792x929,day 1 complete,Consent Form Study 2,4,SucceededAutoplayCheck,SucceededHeadphoneCheck,,Yes,1,Yes,1,Yes,1,Correct,1,Correct,1,Correct,1,Correct,1,Correct,1,Correct,1,Correct,1,Correct,1,Correct,1,0,eligible,F-different J-same,spreadsheet3,lowLD,,,,spreadsheet3,,,day 1 complete,,
﻿1,1741905224574,"13/03/2025, 22:33:44",1741890824574,-4,"13/03/2025, 14:33:44",215590,3,questionnaire-re3n,,44391933,12936746,,complete,,67d54bf863431ebf447c18a5,computer,Desktop or Laptop,Ubuntu undefined,Firefox 136.0,1920x1080,1854x907,day 1 complete,Consent Form Study 2,4,SucceededAutoplayCheck,FailedHeadphoneCheck,SucceededHeadphoneCheck,Yes,1,Yes,1,Yes,1,Correct,1,Correct,1,Correct,1,Correct,1,Correct,1,Correct,1,Correct,1,Correct,1,Correct,1,0,eligible,,spreadsheet3,highLD,,,F-different J-same,spreadsheet2,,,,,day 1 complete
﻿1,1741905299715,"13/03/2025, 22:34:59",1741887299715,-5,"13/03/2025, 12:34:59",215590,3,questionnaire-re3n,,44391952,12936752,,complete,,67d527ddcd1cb5b469a0d620,computer,Desktop or Laptop,Windows 10,Chrome 131.0.0.0,1280x720,1280x559,day 1 complete,Consent Form Study 2,4,SucceededAutoplayCheck,FailedHeadphoneCheck,SucceededHeadphoneCheck,Yes,1,Yes,1,Yes,1,Correct,1,Correct,1,Correct,1,Correct,1,Correct,1,Correct,1,Correct,1,Correct,1,Correct,1,0,eligible,,spreadsheet3,highLD,,,F-different J-same,spreadsheet3,,,,,day 1 complete
﻿1,1741905351156,"13/03/2025, 22:35:51",1741890951156,-4,"13/03/2025, 14:35:51",215590,3,questionnaire-re3n,,44391989,12936757,,complete,,67d59a5542c5403a1a27c39e,computer,Desktop or Laptop,Windows 10,Chrome 134.0.0.0,1366x768,1366x599,day 1 complete,Consent Form Study 2,4,SucceededAutoplayCheck,SucceededHeadphoneCheck,,Yes,1,Yes,1,Yes,1,Correct,1,Correct,1,Correct,1,Correct,1,Correct,1,Correct,1,Correct,1,Correct,1,Correct,1,0,eligible,,spreadsheet4,highLD,,,F-same J-different,spreadsheet3,,,,day 1 complete,
1,1741905356414,"13/03/2025, 22:35:56",1741887356414,-5,"13/03/2025, 12:35:56",215590,3,questionnaire-re3n,,44391992,12936758,,rejected - manual,,67d39ab457e266b76e389e1a,computer,Desktop or Laptop,Mac OS 10.15.7,Chrome 133.0.0.0,2560x1440,2560x1294,day 1 complete,Consent Form Study 2,4,SucceededAutoplayCheck,FailedHeadphoneCheck,SucceededHeadphoneCheck,Yes,1,Yes,1,Yes,1,Correct,1,Correct,1,Correct,1,Correct,1,Correct,1,Correct,1,Correct,1,Correct,1,Correct,1,0,eligible,F-different J-same,spreadsheet1,lowLD,,,,,,,day 1 complete,,
﻿1,1741905412191,"13/03/2025, 22:36:52",1741883812191,-6,"13/03/2025, 10:36:52",215590,3,questionnaire-re3n,,44392007,12936761,,rejected - manual,,67d35d52c2324670893eee11,computer,Desktop or Laptop,Windows 10,Chrome 134.0.0.0,1280x720,1422x650,day 1 complete,Consent Form Study 2,4,SucceededAutoplayCheck,SucceededHeadphoneCheck,,Yes,1,Yes,1,Yes,1,Correct,1,Correct,1,Correct,1,Correct,1,Correct,1,Correct,1,Correct,1,Correct,1,Correct,1,0,eligible,F-different J-same,spreadsheet1,lowLD,,,,,,,day 1 complete,,
﻿1,1741905421282,"13/03/2025, 22:37:01",1741880221282,-7,"13/03/2025, 08:37:01",215590,3,questionnaire-re3n,,44392018,12936766,,complete,,67d35de7d48c9a944565db92,computer,Desktop or Laptop,Windows 10,Chrome 134.0.0.0,1920x1080,958x944,day 1 complete,Consent Form Study 2,4,SucceededAutoplayCheck,SucceededHeadphoneCheck,,Yes,1,Yes,1,Yes,1,Correct,1,Correct,1,Correct,1,Correct,1,Correct,1,Correct,1,Correct,1,Correct,1,Correct,1,0,eligible,,spreadsheet4,highLD,,,F-same J-different,spreadsheet1,,,,day 1 complete,
﻿1,1741905477270,"13/03/2025, 22:37:57",1741891077270,-4,"13/03/2025, 14:37:57",215590,3,questionnaire-re3n,,44392042,12936772,,complete,,67d35e328129b9e57d601f55,computer,Desktop or Laptop,Mac OS 10.15.7,Chrome 132.0.0.0,1440x900,1440x778,day 1 complete,Consent Form Study 2,4,SucceededAutoplayCheck,SucceededHeadphoneCheck,,Yes,1,Yes,1,Yes,1,Correct,1,Correct,1,Correct,1,Correct,1,Correct,1,Correct,1,Correct,1,Correct,1,Correct,1,0,eligible,F-same J-different,spreadsheet4,lowLD,,,,spreadsheet2,,day 1 complete,,,
﻿1,1741905532004,"13/03/2025, 22:38:52",1741887532004,-5,"13/03/2025, 12:38:52",215590,3,questionnaire-re3n,,44392054,12936776,,complete,,67d35d65d51f6963e999977d,computer,Desktop or Laptop,Windows 10,Chrome 133.0.0.0,1368x912,1368x785,day 1 complete,Consent Form Study 2,4,SucceededAutoplayCheck,FailedHeadphoneCheck,SucceededHeadphoneCheck,Yes,1,Yes,1,Yes,1,Correct,1,Correct,1,Correct,1,Correct,1,Correct,1,Correct,1,Correct,1,Correct,1,Correct,1,0,eligible,,spreadsheet3,highLD,,,F-different J-same,spreadsheet2,,,,,day 1 complete
﻿1,1741905552995,"13/03/2025, 22:39:12",1741891152995,-4,"13/03/2025, 14:39:12",215590,3,questionnaire-re3n,,44392062,12936777,,complete,,67d4c69ed35f7c540288bc33,computer,Desktop or Laptop,Windows 10,Chrome 134.0.0.0,1536x864,1536x730,day 1 complete,Consent Form Study 2,4,SucceededAutoplayCheck,FailedHeadphoneCheck,SucceededHeadphoneCheck,Yes,1,Yes,1,Yes,1,Correct,1,Correct,1,Correct,1,Correct,1,Correct,1,Correct,1,Correct,1,Correct,1,Correct,1,0,eligible,F-same J-different,spreadsheet2,lowLD,,,,spreadsheet2,,day 1 complete,,,
﻿1,1741905625988,"13/03/2025, 22:40:25",1741891225988,-4,"13/03/2025, 14:40:25",215590,3,questionnaire-re3n,,44392103,12936786,,complete,,67d35ec6bcf0d3dff3bb3a16,computer,Desktop or Laptop,Mac OS 10.15.7,Chrome 116.0.0.0,1440x900,1009x761,day 1 complete,Consent Form Study 2,4,SucceededAutoplayCheck,SucceededHeadphoneCheck,,Yes,1,Yes,1,Yes,1,Correct,1,Correct,1,Correct,1,Correct,1,Correct,1,Correct,1,Correct,1,Correct,1,Correct,1,0,eligible,,spreadsheet1,highLD,,,F-different J-same,spreadsheet3,,,,,day 1 complete
﻿1,1741905641622,"13/03/2025, 22:40:41",1741880441622,-7,"13/03/2025, 08:40:41",215590,3,questionnaire-re3n,,44392105,12936787,,live,,67d35deb020c512a895f04f4,computer,Desktop or Laptop,Windows 10,Chrome 129.0.0.0,1600x900,1280x585,day 1 complete,Consent Form Study 2,4,SucceededAutoplayCheck,FailedHeadphoneCheck,SucceededHeadphoneCheck,Yes,1,Yes,1,Yes,1,Correct,1,Correct,1,Correct,1,Correct,1,Correct,1,Correct,1,Correct,1,Correct,1,Correct,1,0,eligible,,spreadsheet3,highLD,,,F-same J-different,,,,,day 1 complete,
﻿1,1741905818971,"13/03/2025, 22:43:38",1741891418971,-4,"13/03/2025, 14:43:38",215590,3,questionnaire-re3n,,44392201,12936809,,complete,,67d35ed9d2885520a5c6707f,computer,Desktop or Laptop,Windows 10,Chrome 129.0.0.0,1366x768,1366x641,day 1 complete,Consent Form Study 2,4,SucceededAutoplayCheck,SucceededHeadphoneCheck,,Yes,1,Yes,1,Yes,1,Correct,1,Correct,1,Correct,1,Correct,1,Correct,1,Correct,1,Correct,1,Correct,1,Correct,1,0,eligible,F-different J-same,spreadsheet2,lowLD,,,,spreadsheet2,,,day 1 complete,,
﻿1,1741905842472,"13/03/2025, 22:44:02",1741887842472,-5,"13/03/2025, 12:44:02",215590,3,questionnaire-re3n,,44392222,12936814,,live,,67d35f8aa5cab2f26feb2013,computer,Desktop or Laptop,Mac OS 10.15.7,Safari 18.3,1440x900,1440x820,day 1 complete,Consent Form Study 2,4,SucceededAutoplayCheck,FailedHeadphoneCheck,SucceededHeadphoneCheck,Yes,1,Yes,1,Yes,1,Correct,1,Correct,1,Correct,1,Correct,1,Correct,1,Correct,1,Correct,1,Correct,1,Correct,1,0,eligible,,spreadsheet3,highLD,,,F-different J-same,,,,,,day 1 complete
1,1741906007652,"13/03/2025, 22:46:47",1741888007652,-5,"13/03/2025, 12:46:47",215590,3,questionnaire-re3n,,44392225,12936816,,complete,,67d35c4d03fbae517484912d,computer,Desktop or Laptop,Windows 10,Chrome 131.0.0.0,1280x800,1280x631,day 1 complete,Consent Form Study 2,4,SucceededAutoplayCheck,SucceededHeadphoneCheck,,Yes,1,Yes,1,Yes,1,Correct,1,Correct,1,Correct,1,Correct,1,Correct,1,Correct,1,Correct,1,Correct,1,Correct,1,0,eligible,,spreadsheet3,highLD,,,F-same J-different,spreadsheet3,,,,day 1 complete,
﻿1,1741906106391,"13/03/2025, 22:48:26",1741880906391,-7,"13/03/2025, 08:48:26",215590,3,questionnaire-re3n,,44392341,12936841,,complete,,67d5f8d60704251993215e47,computer,Desktop or Laptop,Windows 10,Chrome 135.0.0.0,1920x1080,958x952,day 1 complete,Consent Form Study 2,4,SucceededAutoplayCheck,SucceededHeadphoneCheck,,Yes,1,Yes,1,Yes,1,Correct,1,Correct,1,Correct,1,Correct,1,Correct,1,Correct,1,Correct,1,Correct,1,Correct,1,0,eligible,F-same J-different,spreadsheet1,lowLD,,,,spreadsheet3,,day 1 complete,,,
﻿1,1741906243051,"13/03/2025, 22:50:43",1741888243051,-5,"13/03/2025, 12:50:43",215590,3,questionnaire-re3n,,44392425,12936851,,complete,,67d582ac91987aceefb041f7,computer,Desktop or Laptop,Windows 10,Chrome 133.0.0.0,1366x768,1366x599,day 1 complete,Consent Form Study 2,4,SucceededAutoplayCheck,SucceededHeadphoneCheck,,Yes,1,Yes,1,Yes,1,Correct,1,Correct,1,Correct,1,Correct,1,Correct,1,Correct,1,Correct,1,Correct,1,Correct,1,0,eligible,F-different J-same,spreadsheet1,lowLD,,,,spreadsheet4,,,day 1 complete,,
﻿1,1741906453812,"13/03/2025, 22:54:13",1741888453812,-5,"13/03/2025, 12:54:13",215590,3,questionnaire-re3n,,44392525,12936871,,rejected - manual,,67d361f80367a6b77c881ec6,computer,Desktop or Laptop,Windows 10,Chrome 133.0.0.0,1366x768,1366x645,day 1 complete,Consent Form Study 2,4,SucceededAutoplayCheck,SucceededHeadphoneCheck,,Yes,1,Yes,1,Yes,1,Correct,1,Correct,1,Correct,1,Correct,1,Correct,1,Correct,1,Correct,1,Correct,1,Correct,1,0,eligible,F-same J-different,spreadsheet1,lowLD,,,,,,day 1 complete,,,
﻿1,1741906470678,"13/03/2025, 22:54:30",1741881270678,-7,"13/03/2025, 08:54:30",215590,3,questionnaire-re3n,,44392532,12936873,,complete,,67d360bf9768b7f3756c7223,computer,Desktop or Laptop,Windows 10,Firefox 135.0,1920x1080,1920x955,day 1 complete,Consent Form Study 2,4,SucceededAutoplayCheck,SucceededHeadphoneCheck,,Yes,1,Yes,1,Yes,1,Correct,1,Correct,1,Correct,1,Correct,1,Correct,1,Correct,1,Correct,1,Correct,1,Correct,1,0,eligible,F-different J-same,spreadsheet2,lowLD,,,,spreadsheet3,,,day 1 complete,,
﻿1,1741906491873,"13/03/2025, 22:54:51",1741892091873,-4,"13/03/2025, 14:54:51",215590,3,questionnaire-re3n,,44392536,12936874,,rejected - manual,,67d360ad85a9b4aa6388199e,computer,Desktop or Laptop,Windows 10,Chrome 129.0.0.0,1536x864,1536x695,day 1 complete,Consent Form Study 2,4,SucceededAutoplayCheck,FailedHeadphoneCheck,SucceededHeadphoneCheck,Yes,1,Yes,1,Yes,1,Correct,1,Correct,1,Correct,1,Correct,1,Correct,1,Correct,1,Correct,1,Correct,1,Correct,1,0,eligible,F-same J-different,spreadsheet2,lowLD,,,,,,day 1 complete,,,
﻿1,1741906586969,"13/03/2025, 22:56:26",1741892186969,-4,"13/03/2025, 14:56:26",215590,3,questionnaire-re3n,,44392564,12936881,,complete,,67d362781932896db6df0d15,computer,Desktop or Laptop,Mac OS 10.15.7,Chrome 133.0.0.0,1710x1107,1710x947,day 1 complete,Consent Form Study 2,4,SucceededAutoplayCheck,FailedHeadphoneCheck,SucceededHeadphoneCheck,Yes,1,Yes,1,Yes,1,Correct,1,Correct,1,Correct,1,Correct,1,Correct,1,Correct,1,Correct,1,Correct,1,Correct,1,0,eligible,F-same J-different,spreadsheet4,lowLD,,,,spreadsheet1,,day 1 complete,,,
﻿1,1741906793629,"13/03/2025, 22:59:53",1741881593629,-7,"13/03/2025, 08:59:53",215590,3,questionnaire-re3n,,44392630,12936893,,live,,67d3632d3d21925a5750a592,computer,Desktop or Laptop,Windows 10,Chrome 134.0.0.0,1920x1080,1920x919,day 1 complete,Consent Form Study 2,4,SucceededAutoplayCheck,FailedHeadphoneCheck,SucceededHeadphoneCheck,Yes,1,Yes,1,Yes,1,Correct,1,Correct,1,Correct,1,Correct,1,Correct,1,Correct,1,Correct,1,Correct,1,Correct,1,0,eligible,,spreadsheet2,highLD,,,F-different J-same,,,,,,day 1 complete
﻿1,1741906870447,"13/03/2025, 23:01:10",1741888870447,-5,"13/03/2025, 13:01:10",215590,3,questionnaire-re3n,,44392661,12936898,,complete,,67d544563e586b4a2197b95c,computer,Desktop or Laptop,Windows 10,Chrome 134.0.0.0,1536x864,1536x864,day 1 complete,Consent Form Study 2,4,SucceededAutoplayCheck,SucceededHeadphoneCheck,,Yes,1,Yes,1,Yes,1,Correct,1,Correct,1,Correct,1,Correct,1,Correct,1,Correct,1,Correct,1,Correct,1,Correct,1,0,eligible,F-same J-different,spreadsheet1,lowLD,,,,spreadsheet1,,day 1 complete,,,
﻿1,1741907084217,"13/03/2025, 23:04:44",1741892684217,-4,"13/03/2025, 15:04:44",215590,3,questionnaire-re3n,,44392740,12936922,,complete,,67d364674294592afe0c2e29,computer,Desktop or Laptop,Windows 10,Chrome 133.0.0.0,1536x864,1536x730,day 1 complete,Consent Form Study 2,4,SucceededAutoplayCheck,FailedHeadphoneCheck,SucceededHeadphoneCheck,Yes,1,Yes,1,Yes,1,Correct,1,Correct,1,Correct,1,Correct,1,Correct,1,Correct,1,Correct,1,Correct,1,Correct,1,0,eligible,F-different J-same,spreadsheet1,lowLD,,,,spreadsheet4,,,day 1 complete,,
﻿1,1741907109962,"13/03/2025, 23:05:09",1741885509962,-6,"13/03/2025, 11:05:09",215590,3,questionnaire-re3n,,44392751,12936925,,complete,,67d4cf6b6ddb7e8657a95033,computer,Desktop or Laptop,Windows 10,Chrome 134.0.0.0,1366x768,1366x599,day 1 complete,Consent Form Study 2,4,SucceededAutoplayCheck,FailedHeadphoneCheck,SucceededHeadphoneCheck,Yes,1,Yes,1,Yes,1,Correct,1,Correct,1,Correct,1,Correct,1,Correct,1,Correct,1,Correct,1,Correct,1,Correct,1,0,eligible,F-different J-same,spreadsheet1,lowLD,,,,spreadsheet1,,,day 1 complete,,
﻿1,1741907123470,"13/03/2025, 23:05:23",1741892723470,-4,"13/03/2025, 15:05:23",215590,3,questionnaire-re3n,,44392757,12936927,,complete,,67d4e07496c521689ac5f239,computer,Desktop or Laptop,Windows 10,Chrome 134.0.0.0,1536x864,1536x738,day 1 complete,Consent Form Study 2,4,SucceededAutoplayCheck,SucceededHeadphoneCheck,,Yes,1,Yes,1,Yes,1,Correct,1,Correct,1,Correct,1,Correct,1,Correct,1,Correct,1,Correct,1,Correct,1,Correct,1,0,eligible,F-different J-same,spreadsheet4,lowLD,,,,spreadsheet3,,,day 1 complete,,
﻿1,1741907195923,"13/03/2025, 23:06:35",1741881995923,-7,"13/03/2025, 09:06:35",215590,3,questionnaire-re3n,,44392789,12936935,,complete,,67d3644cb1da61bd27953783,computer,Desktop or Laptop,Windows 10,Chrome 134.0.0.0,1536x864,807x695,day 1 complete,Consent Form Study 2,4,SucceededAutoplayCheck,FailedHeadphoneCheck,SucceededHeadphoneCheck,Yes,1,Yes,1,Yes,1,Correct,1,Correct,1,Correct,1,Correct,1,Correct,1,Correct,1,Correct,1,Correct,1,Correct,1,0,eligible,F-same J-different,spreadsheet1,lowLD,,,,spreadsheet2,,day 1 complete,,,
﻿1,1741907512097,"13/03/2025, 23:11:52",1741893112097,-4,"13/03/2025, 15:11:52",215590,3,questionnaire-re3n,,44392919,12936958,,live,,67d361c80c5d4a2801729ce4,computer,Desktop or Laptop,Windows 10,Chrome 134.0.0.0,1366x768,1366x589,day 1 complete,Consent Form Study 2,4,SucceededAutoplayCheck,SucceededHeadphoneCheck,,Yes,1,Yes,1,Yes,1,Correct,1,Correct,1,Correct,1,Correct,1,Correct,1,Correct,1,Correct,1,Correct,1,Correct,1,0,eligible,F-different J-same,spreadsheet4,lowLD,,,,,,,day 1 complete,,
﻿1,1741907803363,"13/03/2025, 23:16:43",1741882603363,-7,"13/03/2025, 09:16:43",215590,3,questionnaire-re3n,,44393026,12936980,,complete,,67d4ca2f9e9fe065ea85abf6,computer,Desktop or Laptop,Windows 10,Firefox 136.0,1920x1080,1920x919,day 1 complete,Consent Form Study 2,4,SucceededAutoplayCheck,SucceededHeadphoneCheck,,Yes,1,Yes,1,Yes,1,Correct,1,Correct,1,Correct,1,Correct,1,Correct,1,Correct,1,Correct,1,Correct,1,Correct,1,0,eligible,,spreadsheet4,highLD,,,F-different J-same,spreadsheet1,,,,,day 1 complete
﻿1,1741908163641,"13/03/2025, 23:22:43",1741893763641,-4,"13/03/2025, 15:22:43",215590,3,questionnaire-re3n,,44393157,12937011,,complete,,67d3689904560a658d05bbcf,computer,Desktop or Laptop,Windows 10,Chrome 134.0.0.0,1536x1024,808x888,day 1 complete,Consent Form Study 2,4,SucceededAutoplayCheck,SucceededHeadphoneCheck,,Yes,1,Yes,1,Yes,1,Correct,1,Correct,1,Correct,1,Correct,1,Correct,1,Correct,1,Correct,1,Correct,1,Correct,1,0,eligible,F-different J-same,spreadsheet2,lowLD,,,,spreadsheet2,,,day 1 complete,,
﻿1,1741908288104,"13/03/2025, 23:24:48",1741893888104,-4,"13/03/2025, 15:24:48",215590,3,questionnaire-re3n,,44393177,12937017,,live,,67d3690c91590ea0e7d2c2d6,computer,Desktop or Laptop,Windows 10,Edge 134.0.0.0,1280x720,1272x594,day 1 complete,Consent Form Study 2,4,SucceededAutoplayCheck,FailedHeadphoneCheck,SucceededHeadphoneCheck,Yes,1,Yes,1,Yes,1,Correct,1,Correct,1,Correct,1,Correct,1,Correct,1,Correct,1,Correct,1,Correct,1,Correct,1,0,eligible,,spreadsheet3,highLD,,,F-same J-different,,,,,day 1 complete,
﻿1,1741911221865,"14/03/2025, 00:13:41",1741886021865,-7,"13/03/2025, 10:13:41",215590,3,questionnaire-re3n,,44393895,12937191,,complete,,67d3698e769f764e336bdf4e,computer,Desktop or Laptop,Mac OS 10.15.7,Chrome 133.0.0.0,1440x900,1440x722,day 1 complete,Consent Form Study 2,4,SucceededAutoplayCheck,SucceededHeadphoneCheck,,Yes,1,Yes,1,Yes,1,Correct,1,Correct,1,Correct,1,Correct,1,Correct,1,Correct,1,Correct,1,Correct,1,Correct,1,0,eligible,F-different J-same,spreadsheet3,lowLD,,,,spreadsheet1,,,day 1 complete,,
﻿1,1742404799574,"19/03/2025, 17:19:59",1742386799574,-5,"19/03/2025, 07:19:59",215590,3,questionnaire-re3n,,44548447,12982423,,complete,,67dc7bd9bbbd89157887e37e,computer,Desktop or Laptop,Mac OS 10.15.7,Chrome 133.0.0.0,1440x900,1440x812,day 1 complete,Consent Form Study 2,4,SucceededAutoplayCheck,SucceededHeadphoneCheck,,Yes,1,Yes,1,Yes,1,Correct,1,Correct,1,Correct,1,Correct,1,Correct,1,Correct,1,Correct,1,Correct,1,Correct,1,0,eligible,F-different J-same,spreadsheet1,lowLD,,,,spreadsheet1,,,day 1 complete,,
﻿1,1742404804517,"19/03/2025, 17:20:04",1742390404517,-4,"19/03/2025, 09:20:04",215590,3,questionnaire-re3n,,44548449,12982425,,complete,,67dafc532a4c0640dcfe8083,computer,Desktop or Laptop,Windows 10,Chrome 134.0.0.0,1366x768,1366x641,day 1 complete,Consent Form Study 2,4,SucceededAutoplayCheck,SucceededHeadphoneCheck,,Yes,1,Yes,1,Yes,1,Correct,1,Correct,1,Correct,1,Correct,1,Correct,1,Correct,1,Correct,1,Correct,1,Correct,1,0,eligible,,spreadsheet4,highLD,,,F-different J-same,spreadsheet2,,,,,day 1 complete
﻿1,1742404602966,"19/03/2025, 17:16:42",1742386602966,-5,"19/03/2025, 07:16:42",215590,3,questionnaire-re3n,,44548464,12982430,,complete,,67dc5ce7e4b1434f42aaefcf,computer,Desktop or Laptop,Windows 10,Chrome 134.0.0.0,1366x768,1366x641,day 1 complete,Consent Form Study 2,4,SucceededAutoplayCheck,SucceededHeadphoneCheck,,Yes,1,Yes,1,Yes,1,Correct,1,Correct,1,Correct,1,Correct,1,Correct,1,Correct,1,Correct,1,Correct,1,Correct,1,0,eligible,F-same J-different,spreadsheet3,lowLD,,,,spreadsheet4,,day 1 complete,,,
﻿1,1742405190852,"19/03/2025, 17:26:30",1742387190852,-5,"19/03/2025, 07:26:30",215590,3,questionnaire-re3n,,44548673,12982486,,complete,,67dc603424adef1f23ab6aba,computer,Desktop or Laptop,Windows 10,Chrome 134.0.0.0,1920x1080,1920x991,day 1 complete,Consent Form Study 2,4,SucceededAutoplayCheck,SucceededHeadphoneCheck,,Yes,1,Yes,1,Yes,1,Correct,1,Correct,1,Correct,1,Correct,1,Correct,1,Correct,1,Correct,1,Correct,1,Correct,1,0,eligible,,spreadsheet4,highLD,,,F-same J-different,spreadsheet3,,,,day 1 complete,
﻿1,1742405289849,"19/03/2025, 17:28:09",1742387289849,-5,"19/03/2025, 07:28:09",215590,3,questionnaire-re3n,,44548723,12982501,,complete,,67dafe607f765597850d53e3,computer,Desktop or Laptop,Windows 10,Chrome 134.0.0.0,1600x900,1600x739,day 1 complete,Consent Form Study 2,4,SucceededAutoplayCheck,FailedHeadphoneCheck,SucceededHeadphoneCheck,Yes,1,Yes,1,Yes,1,Correct,1,Correct,1,Correct,1,Correct,1,Correct,1,Correct,1,Correct,1,Correct,1,Correct,1,0,eligible,F-same J-different,spreadsheet4,lowLD,,,,spreadsheet4,,day 1 complete,,,
﻿1,1742405448994,"19/03/2025, 17:30:48",1742391048994,-4,"19/03/2025, 09:30:48",215590,3,questionnaire-re3n,,44548778,12982520,,complete,,67dca49d15fc484aca409a17,computer,Desktop or Laptop,Windows 10,Chrome 131.0.0.0,2560x1440,1280x1321,day 1 complete,Consent Form Study 2,4,SucceededAutoplayCheck,SucceededHeadphoneCheck,,Yes,1,Yes,1,Yes,1,Correct,1,Correct,1,Correct,1,Correct,1,Correct,1,Correct,1,Correct,1,Correct,1,Correct,1,0,eligible,F-same J-different,spreadsheet4,lowLD,,,,spreadsheet2,,day 1 complete,,,
﻿1,1742405455710,"19/03/2025, 17:30:55",1742391055710,-4,"19/03/2025, 09:30:55",215590,3,questionnaire-re3n,,44548789,12982523,,complete,,67dc9fa053054b5ef6421964,computer,Desktop or Laptop,Windows 10,Chrome 134.0.0.0,1920x1080,1920x953,day 1 complete,Consent Form Study 2,4,SucceededAutoplayCheck,SucceededHeadphoneCheck,,Yes,1,Yes,1,Yes,1,Correct,1,Correct,1,Correct,1,Correct,1,Correct,1,Correct,1,Correct,1,Correct,1,Correct,1,0,eligible,,spreadsheet4,highLD,,,F-same J-different,spreadsheet1,,,,day 1 complete,
﻿1,1742405518016,"19/03/2025, 17:31:58",1742387518016,-5,"19/03/2025, 07:31:58",215590,3,questionnaire-re3n,,44548819,12982531,,complete,,67dc5cd7ea2b5be630f30ad9,computer,Desktop or Laptop,Windows 10,Firefox 136.0,1280x720,1280x634,day 1 complete,Consent Form Study 2,4,SucceededAutoplayCheck,FailedHeadphoneCheck,SucceededHeadphoneCheck,Yes,1,Yes,1,Yes,1,Correct,1,Correct,1,Correct,1,Correct,1,Correct,1,Correct,1,Correct,1,Correct,1,Correct,1,0,eligible,F-different J-same,spreadsheet3,lowLD,,,,spreadsheet3,,,day 1 complete,,
﻿1,1742406141147,"19/03/2025, 17:42:21",1742391741147,-4,"19/03/2025, 09:42:21",215590,3,questionnaire-re3n,,44549151,12982647,,live,,67db01d6a851bb60528e8aef,computer,Desktop or Laptop,Mac OS 10.15.7,Chrome 134.0.0.0,1366x768,1365x583,day 1 complete,Consent Form Study 2,4,SucceededAutoplayCheck,FailedHeadphoneCheck,SucceededHeadphoneCheck,Yes,1,Yes,1,Yes,1,Correct,1,Correct,1,Correct,1,Correct,1,Correct,1,Correct,1,Correct,1,Correct,1,Correct,1,0,eligible,,spreadsheet3,highLD,,,F-same J-different,,,,,day 1 complete,
﻿1,1742406165484,"19/03/2025, 17:42:45",1742391765484,-4,"19/03/2025, 09:42:45",215590,3,questionnaire-re3n,,44549167,12982653,,complete,,67db01b594d0ae085780db59,computer,Desktop or Laptop,Windows 10,Firefox 136.0,2560x1440,1635x1094,day 1 complete,Consent Form Study 2,4,SucceededAutoplayCheck,SucceededHeadphoneCheck,,Yes,1,Yes,1,Yes,1,Correct,1,Correct,1,Correct,1,Correct,1,Correct,1,Correct,1,Correct,1,Correct,1,Correct,1,0,eligible,F-different J-same,spreadsheet3,lowLD,,,,spreadsheet3,,,day 1 complete,,
﻿1,1742406246334,"19/03/2025, 17:44:06",1742391846334,-4,"19/03/2025, 09:44:06",215590,3,questionnaire-re3n,,44549211,12982660,,complete,,67dc8bc98fdfb28e1a1ff2a5,computer,Desktop or Laptop,Mac OS 10.15.7,Chrome 134.0.0.0,1440x900,1440x683,day 1 complete,Consent Form Study 2,4,SucceededAutoplayCheck,SucceededHeadphoneCheck,,Yes,1,Yes,1,Yes,1,Correct,1,Correct,1,Correct,1,Correct,1,Correct,1,Correct,1,Correct,1,Correct,1,Correct,1,0,eligible,,spreadsheet1,highLD,,,F-same J-different,spreadsheet3,,,,day 1 complete,
﻿1,1742406265426,"19/03/2025, 17:44:25",1742381065426,-7,"19/03/2025, 03:44:25",215590,3,questionnaire-re3n,,44549219,12982662,,complete,,67dc6c09c0402332b0829f3d,computer,Desktop or Laptop,Windows 10,Chrome 134.0.0.0,1920x1080,1920x919,day 1 complete,Consent Form Study 2,4,SucceededAutoplayCheck,SucceededHeadphoneCheck,,Yes,1,Yes,1,Yes,1,Correct,1,Correct,1,Correct,1,Correct,1,Correct,1,Correct,1,Correct,1,Correct,1,Correct,1,0,eligible,,spreadsheet2,highLD,,,F-same J-different,spreadsheet2,,,,day 1 complete,
﻿1,1742406410486,"19/03/2025, 17:46:50",1742392010486,-4,"19/03/2025, 09:46:50",215590,3,questionnaire-re3n,,44549297,12982678,,live,,67db02aadcb62625f726470f,computer,Desktop or Laptop,Windows 10,Edge 134.0.0.0,1536x864,1488x738,day 1 complete,Consent Form Study 2,4,SucceededAutoplayCheck,SucceededHeadphoneCheck,,Yes,1,Yes,1,Yes,1,Correct,1,Correct,1,Correct,1,Correct,1,Correct,1,Correct,1,Correct,1,Correct,1,Correct,1,0,eligible,F-same J-different,spreadsheet3,lowLD,,,,,,day 1 complete,,,
﻿1,1742406344582,"19/03/2025, 17:45:44",1742388344582,-5,"19/03/2025, 07:45:44",215590,3,questionnaire-re3n,,44549299,12982679,,complete,,67dc6932875e4417a0ea6a32,computer,Desktop or Laptop,Windows 10,Chrome 134.0.0.0,1544x869,1536x864,day 1 complete,Consent Form Study 2,4,SucceededAutoplayCheck,SucceededHeadphoneCheck,,Yes,1,Yes,1,Yes,1,Correct,1,Correct,1,Correct,1,Correct,1,Correct,1,Correct,1,Correct,1,Correct,1,Correct,1,0,eligible,F-same J-different,spreadsheet4,lowLD,,,,spreadsheet4,,day 1 complete,,,
﻿1,1742406443482,"19/03/2025, 17:47:23",1742392043482,-4,"19/03/2025, 09:47:23",215590,3,questionnaire-re3n,,44549321,12982686,,complete,,67db031fdb08de25559a99d3,computer,Desktop or Laptop,Windows 10,Chrome 133.0.0.0,1280x720,1280x593,day 1 complete,Consent Form Study 2,4,SucceededAutoplayCheck,SucceededHeadphoneCheck,,Yes,1,Yes,1,Yes,1,Correct,1,Correct,1,Correct,1,Correct,1,Correct,1,Correct,1,Correct,1,Correct,1,Correct,1,0,eligible,,spreadsheet2,highLD,,,F-different J-same,spreadsheet1,,,,,day 1 complete
﻿1,1742406641819,"19/03/2025, 17:50:41",1742381441819,-7,"19/03/2025, 03:50:41",215590,3,questionnaire-re3n,,44549410,12982714,,complete,,67db018d6f4b285891cc0781,computer,Desktop or Laptop,Windows 10,Chrome 131.0.0.0,1920x1080,958x952,day 1 complete,Consent Form Study 2,4,SucceededAutoplayCheck,SucceededHeadphoneCheck,,Yes,1,Yes,1,Yes,1,Correct,1,Correct,1,Correct,1,Correct,1,Correct,1,Correct,1,Correct,1,Correct,1,Correct,1,0,eligible,,spreadsheet2,highLD,,,F-different J-same,spreadsheet1,,,,,day 1 complete
﻿1,1742406664757,"19/03/2025, 17:51:04",1742388664757,-5,"19/03/2025, 07:51:04",215590,3,questionnaire-re3n,,44549423,12982716,,complete,,67dc6e77b0cda5b8d1c8f1a5,computer,Desktop or Laptop,Windows 10,Chrome 134.0.0.0,1280x800,1280x665,day 1 complete,Consent Form Study 2,4,SucceededAutoplayCheck,FailedHeadphoneCheck,SucceededHeadphoneCheck,Yes,1,Yes,1,Yes,1,Correct,1,Correct,1,Correct,1,Correct,1,Correct,1,Correct,1,Correct,1,Correct,1,Correct,1,0,eligible,,spreadsheet3,highLD,,,F-different J-same,spreadsheet2,,,,,day 1 complete
﻿1,1742406941627,"19/03/2025, 17:55:41",1742381741627,-7,"19/03/2025, 03:55:41",215590,3,questionnaire-re3n,,44549575,12982760,,complete,,67db04b4dadbe2fbe847bfc0,computer,Desktop or Laptop,Mac OS 10.15.7,Chrome 134.0.0.0,1512x982,1512x857,day 1 complete,Consent Form Study 2,4,SucceededAutoplayCheck,SucceededHeadphoneCheck,,Yes,1,Yes,1,Yes,1,Correct,1,Correct,1,Correct,1,Correct,1,Correct,1,Correct,1,Correct,1,Correct,1,Correct,1,0,eligible,F-different J-same,spreadsheet1,lowLD,,,,spreadsheet2,,,day 1 complete,,
﻿1,1742407235999,"19/03/2025, 18:00:35",1742389235999,-5,"19/03/2025, 08:00:35",215590,3,questionnaire-re3n,,44549724,12982805,,complete,,67db029f02c692f046a44ac7,computer,Desktop or Laptop,Chromium OS 14816.131.0,Chrome 103.0.0.0,1366x768,1366x617,day 1 complete,Consent Form Study 2,4,SucceededAutoplayCheck,SucceededHeadphoneCheck,,Yes,1,Yes,1,Yes,1,Correct,1,Correct,1,Correct,1,Correct,1,Correct,1,Correct,1,Correct,1,Correct,1,Correct,1,0,eligible,F-different J-same,spreadsheet1,lowLD,,,,spreadsheet4,,,day 1 complete,,
﻿1,1742407455516,"19/03/2025, 18:04:15",1742385855516,-6,"19/03/2025, 06:04:15",215590,3,questionnaire-re3n,,44549835,12982841,,complete,,67dccf06ea9aca49011e15c4,computer,Desktop or Laptop,Windows 10,Chrome 134.0.0.0,1536x864,1536x695,day 1 complete,Consent Form Study 2,4,SucceededAutoplayCheck,SucceededHeadphoneCheck,,Yes,1,Yes,1,Yes,1,Correct,1,Correct,1,Correct,1,Correct,1,Correct,1,Correct,1,Correct,1,Correct,1,Correct,1,0,eligible,F-different J-same,spreadsheet4,lowLD,,,,spreadsheet1,,,day 1 complete,,
﻿1,1742410279063,"19/03/2025, 18:51:19",1742392279063,-5,"19/03/2025, 08:51:19",215590,3,questionnaire-re3n,,44551295,12983306,,complete,,67db0e659c4f48192335431d,computer,Desktop or Laptop,Windows 10,Edge 134.0.0.0,1366x768,1358x608,day 1 complete,Consent Form Study 2,4,SucceededAutoplayCheck,FailedHeadphoneCheck,SucceededHeadphoneCheck,Yes,1,Yes,1,Yes,1,Correct,1,Correct,1,Correct,1,Correct,1,Correct,1,Correct,1,Correct,1,Correct,1,Correct,1,0,eligible,F-same J-different,spreadsheet2,lowLD,,,,spreadsheet4,,day 1 complete,,,
﻿1,1742420649732,"19/03/2025, 21:44:09",1742406249732,-4,"19/03/2025, 13:44:09",215590,3,questionnaire-re3n,,44555041,12984477,,complete,,67dcbe7726b7f7b7fb46a63f,computer,Desktop or Laptop,Windows 10,Chrome 134.0.0.0,1536x864,1536x776,day 1 complete,Consent Form Study 2,4,SucceededAutoplayCheck,SucceededHeadphoneCheck,,Yes,1,Yes,1,Yes,1,Correct,1,Correct,1,Correct,1,Correct,1,Correct,1,Correct,1,Correct,1,Correct,1,Correct,1,0,eligible,,spreadsheet2,highLD,,,F-same J-different,spreadsheet3,,,,day 1 complete,
﻿1,1742836523405,"24/03/2025, 17:15:23",1742822123405,-4,"24/03/2025, 09:15:23",215590,3,questionnaire-re3n,,44667382,13020160,,complete,,67e192c551dcbc717dc4586b,computer,Desktop or Laptop,Chromium OS 14541.0.0,Chrome 133.0.0.0,1536x864,1536x730,day 1 complete,Consent Form Study 2,4,SucceededAutoplayCheck,SucceededHeadphoneCheck,,Yes,1,Yes,1,Yes,1,Correct,1,Correct,1,Correct,1,Correct,1,Correct,1,Correct,1,Correct,1,Correct,1,Correct,1,0,eligible,F-different J-same,spreadsheet2,lowLD,,,,spreadsheet1,,,day 1 complete,,
﻿1,1742836548215,"24/03/2025, 17:15:48",1742818548215,-5,"24/03/2025, 07:15:48",215590,3,questionnaire-re3n,,44667397,13020165,,complete,,67e4027137bbf5764e6cc4a6,computer,Desktop or Laptop,Windows 10,Chrome 131.0.0.0,1920x1080,1920x911,day 1 complete,Consent Form Study 2,4,SucceededAutoplayCheck,SucceededHeadphoneCheck,,Yes,1,Yes,1,Yes,1,Correct,1,Correct,1,Correct,1,Correct,1,Correct,1,Correct,1,Correct,1,Correct,1,Correct,1,0,eligible,F-same J-different,spreadsheet2,lowLD,,,,spreadsheet1,,day 1 complete,,,
﻿1,1742836700749,"24/03/2025, 17:18:20",1742818700749,-5,"24/03/2025, 07:18:20",215590,3,questionnaire-re3n,,44667530,13020212,,complete,,67e192c6a3df6419d5fb1722,computer,Desktop or Laptop,Windows 10,Chrome 129.0.0.0,1024x640,1366x633,day 1 complete,Consent Form Study 2,4,SucceededAutoplayCheck,SucceededHeadphoneCheck,,Yes,1,Yes,1,Yes,1,Correct,1,Correct,1,Correct,1,Correct,1,Correct,1,Correct,1,Correct,1,Correct,1,Correct,1,0,eligible,,spreadsheet1,highLD,,,F-same J-different,spreadsheet2,,,,day 1 complete,
﻿1,1742836847526,"24/03/2025, 17:20:47",1742822447526,-4,"24/03/2025, 09:20:47",215590,3,questionnaire-re3n,,44667663,13020256,,complete,,67e1943c39fbd137895ab1e3,computer,Desktop or Laptop,Windows 10,Chrome 134.0.0.0,1280x720,1280x593,day 1 complete,Consent Form Study 2,4,SucceededAutoplayCheck,SucceededHeadphoneCheck,,Yes,1,Yes,1,Yes,1,Correct,1,Correct,1,Correct,1,Correct,1,Correct,1,Correct,1,Correct,1,Correct,1,Correct,1,0,eligible,,spreadsheet4,highLD,,,F-same J-different,spreadsheet4,,,,day 1 complete,
﻿1,1742837471880,"24/03/2025, 17:31:11",1742823071880,-4,"24/03/2025, 09:31:11",215590,3,questionnaire-re3n,,44668177,13020441,,complete,,67e3f35ddf98ae75ebb41001,computer,Desktop or Laptop,Windows 10,Chrome 134.0.0.0,1536x864,1536x742,day 1 complete,Consent Form Study 2,4,SucceededAutoplayCheck,FailedHeadphoneCheck,SucceededHeadphoneCheck,Yes,1,Yes,1,Yes,1,Correct,1,Correct,1,Correct,1,Correct,1,Correct,1,Correct,1,Correct,1,Correct,1,Correct,1,0,eligible,,spreadsheet4,highLD,,,F-different J-same,spreadsheet1,,,,,day 1 complete
