"display","sound","pair","language","first_dim_step","second_dim_step","endpoint_1","endpoint_2","left_word","right_word","randomize_trials","break_duration","block_display"
"instructions_2D",,,,,,,,,,,"",
"block_display",,"indent-intent",,,,,,"indent.png","intent.png",,"","Block 1 of 4"
"trial","D_T_VOT_1_F0_1.mp3","indent-intent","English",1,1,"left_word","right_word",,,1,"",
"trial","D_T_VOT_1_F0_2.mp3","indent-intent","English",1,2,"left_word","right_word",,,1,"",
"trial","D_T_VOT_1_F0_3.mp3","indent-intent","English",1,3,"left_word","right_word",,,1,"",
"trial","D_T_VOT_1_F0_4.mp3","indent-intent","English",1,4,"left_word","right_word",,,1,"",
"trial","D_T_VOT_1_F0_5.mp3","indent-intent","English",1,5,"left_word","right_word",,,1,"",
"trial","D_T_VOT_2_F0_1.mp3","indent-intent","English",2,1,"left_word","right_word",,,1,"",
"trial","D_T_VOT_2_F0_2.mp3","indent-intent","English",2,2,"left_word","right_word",,,1,"",
"trial","D_T_VOT_2_F0_3.mp3","indent-intent","English",2,3,"left_word","right_word",,,1,"",
"trial","D_T_VOT_2_F0_4.mp3","indent-intent","English",2,4,"left_word","right_word",,,1,"",
"trial","D_T_VOT_2_F0_5.mp3","indent-intent","English",2,5,"left_word","right_word",,,1,"",
"trial","D_T_VOT_3_F0_1.mp3","indent-intent","English",3,1,"left_word","right_word",,,1,"",
"trial","D_T_VOT_3_F0_2.mp3","indent-intent","English",3,2,"left_word","right_word",,,1,"",
"trial","D_T_VOT_3_F0_3.mp3","indent-intent","English",3,3,"left_word","right_word",,,1,"",
"trial","D_T_VOT_3_F0_4.mp3","indent-intent","English",3,4,"left_word","right_word",,,1,"",
"trial","D_T_VOT_3_F0_5.mp3","indent-intent","English",3,5,"left_word","right_word",,,1,"",
"trial","D_T_VOT_4_F0_1.mp3","indent-intent","English",4,1,"left_word","right_word",,,1,"",
"trial","D_T_VOT_4_F0_2.mp3","indent-intent","English",4,2,"left_word","right_word",,,1,"",
"trial","D_T_VOT_4_F0_3.mp3","indent-intent","English",4,3,"left_word","right_word",,,1,"",
"trial","D_T_VOT_4_F0_4.mp3","indent-intent","English",4,4,"left_word","right_word",,,1,"",
"trial","D_T_VOT_4_F0_5.mp3","indent-intent","English",4,5,"left_word","right_word",,,1,"",
"trial","D_T_VOT_5_F0_1.mp3","indent-intent","English",5,1,"left_word","right_word",,,1,"",
"trial","D_T_VOT_5_F0_2.mp3","indent-intent","English",5,2,"left_word","right_word",,,1,"",
"trial","D_T_VOT_5_F0_3.mp3","indent-intent","English",5,3,"left_word","right_word",,,1,"",
"trial","D_T_VOT_5_F0_4.mp3","indent-intent","English",5,4,"left_word","right_word",,,1,"",
"trial","D_T_VOT_5_F0_5.mp3","indent-intent","English",5,5,"left_word","right_word",,,1,"",
"trial","D_T_VOT_6_F0_1.mp3","indent-intent","English",6,1,"left_word","right_word",,,1,"",
"trial","D_T_VOT_6_F0_2.mp3","indent-intent","English",6,2,"left_word","right_word",,,1,"",
"trial","D_T_VOT_6_F0_3.mp3","indent-intent","English",6,3,"left_word","right_word",,,1,"",
"trial","D_T_VOT_6_F0_4.mp3","indent-intent","English",6,4,"left_word","right_word",,,1,"",
"trial","D_T_VOT_6_F0_5.mp3","indent-intent","English",6,5,"left_word","right_word",,,1,"",
"trial","D_T_VOT_7_F0_1.mp3","indent-intent","English",7,1,"left_word","right_word",,,1,"",
"trial","D_T_VOT_7_F0_2.mp3","indent-intent","English",7,2,"left_word","right_word",,,1,"",
"trial","D_T_VOT_7_F0_3.mp3","indent-intent","English",7,3,"left_word","right_word",,,1,"",
"trial","D_T_VOT_7_F0_4.mp3","indent-intent","English",7,4,"left_word","right_word",,,1,"",
"trial","D_T_VOT_7_F0_5.mp3","indent-intent","English",7,5,"left_word","right_word",,,1,"",
"mini-break",,,,,,,,,,,"20000",
"trial","D_T_VOT_1_F0_1.mp3","indent-intent","English",1,1,"left_word","right_word",,,1,"",
"trial","D_T_VOT_1_F0_2.mp3","indent-intent","English",1,2,"left_word","right_word",,,1,"",
"trial","D_T_VOT_1_F0_3.mp3","indent-intent","English",1,3,"left_word","right_word",,,1,"",
"trial","D_T_VOT_1_F0_4.mp3","indent-intent","English",1,4,"left_word","right_word",,,1,"",
"trial","D_T_VOT_1_F0_5.mp3","indent-intent","English",1,5,"left_word","right_word",,,1,"",
"trial","D_T_VOT_2_F0_1.mp3","indent-intent","English",2,1,"left_word","right_word",,,1,"",
"trial","D_T_VOT_2_F0_2.mp3","indent-intent","English",2,2,"left_word","right_word",,,1,"",
"trial","D_T_VOT_2_F0_3.mp3","indent-intent","English",2,3,"left_word","right_word",,,1,"",
"trial","D_T_VOT_2_F0_4.mp3","indent-intent","English",2,4,"left_word","right_word",,,1,"",
"trial","D_T_VOT_2_F0_5.mp3","indent-intent","English",2,5,"left_word","right_word",,,1,"",
"trial","D_T_VOT_3_F0_1.mp3","indent-intent","English",3,1,"left_word","right_word",,,1,"",
"trial","D_T_VOT_3_F0_2.mp3","indent-intent","English",3,2,"left_word","right_word",,,1,"",
"trial","D_T_VOT_3_F0_3.mp3","indent-intent","English",3,3,"left_word","right_word",,,1,"",
"trial","D_T_VOT_3_F0_4.mp3","indent-intent","English",3,4,"left_word","right_word",,,1,"",
"trial","D_T_VOT_3_F0_5.mp3","indent-intent","English",3,5,"left_word","right_word",,,1,"",
"trial","D_T_VOT_4_F0_1.mp3","indent-intent","English",4,1,"left_word","right_word",,,1,"",
"trial","D_T_VOT_4_F0_2.mp3","indent-intent","English",4,2,"left_word","right_word",,,1,"",
"trial","D_T_VOT_4_F0_3.mp3","indent-intent","English",4,3,"left_word","right_word",,,1,"",
"trial","D_T_VOT_4_F0_4.mp3","indent-intent","English",4,4,"left_word","right_word",,,1,"",
"trial","D_T_VOT_4_F0_5.mp3","indent-intent","English",4,5,"left_word","right_word",,,1,"",
"trial","D_T_VOT_5_F0_1.mp3","indent-intent","English",5,1,"left_word","right_word",,,1,"",
"trial","D_T_VOT_5_F0_2.mp3","indent-intent","English",5,2,"left_word","right_word",,,1,"",
"trial","D_T_VOT_5_F0_3.mp3","indent-intent","English",5,3,"left_word","right_word",,,1,"",
"trial","D_T_VOT_5_F0_4.mp3","indent-intent","English",5,4,"left_word","right_word",,,1,"",
"trial","D_T_VOT_5_F0_5.mp3","indent-intent","English",5,5,"left_word","right_word",,,1,"",
"trial","D_T_VOT_6_F0_1.mp3","indent-intent","English",6,1,"left_word","right_word",,,1,"",
"trial","D_T_VOT_6_F0_2.mp3","indent-intent","English",6,2,"left_word","right_word",,,1,"",
"trial","D_T_VOT_6_F0_3.mp3","indent-intent","English",6,3,"left_word","right_word",,,1,"",
"trial","D_T_VOT_6_F0_4.mp3","indent-intent","English",6,4,"left_word","right_word",,,1,"",
"trial","D_T_VOT_6_F0_5.mp3","indent-intent","English",6,5,"left_word","right_word",,,1,"",
"trial","D_T_VOT_7_F0_1.mp3","indent-intent","English",7,1,"left_word","right_word",,,1,"",
"trial","D_T_VOT_7_F0_2.mp3","indent-intent","English",7,2,"left_word","right_word",,,1,"",
"trial","D_T_VOT_7_F0_3.mp3","indent-intent","English",7,3,"left_word","right_word",,,1,"",
"trial","D_T_VOT_7_F0_4.mp3","indent-intent","English",7,4,"left_word","right_word",,,1,"",
"trial","D_T_VOT_7_F0_5.mp3","indent-intent","English",7,5,"left_word","right_word",,,1,"",
"mini-break",,,,,,,,,,,"20000",
"trial","D_T_VOT_1_F0_1.mp3","indent-intent","English",1,1,"left_word","right_word",,,1,"",
"trial","D_T_VOT_1_F0_2.mp3","indent-intent","English",1,2,"left_word","right_word",,,1,"",
"trial","D_T_VOT_1_F0_3.mp3","indent-intent","English",1,3,"left_word","right_word",,,1,"",
"trial","D_T_VOT_1_F0_4.mp3","indent-intent","English",1,4,"left_word","right_word",,,1,"",
"trial","D_T_VOT_1_F0_5.mp3","indent-intent","English",1,5,"left_word","right_word",,,1,"",
"trial","D_T_VOT_2_F0_1.mp3","indent-intent","English",2,1,"left_word","right_word",,,1,"",
"trial","D_T_VOT_2_F0_2.mp3","indent-intent","English",2,2,"left_word","right_word",,,1,"",
"trial","D_T_VOT_2_F0_3.mp3","indent-intent","English",2,3,"left_word","right_word",,,1,"",
"trial","D_T_VOT_2_F0_4.mp3","indent-intent","English",2,4,"left_word","right_word",,,1,"",
"trial","D_T_VOT_2_F0_5.mp3","indent-intent","English",2,5,"left_word","right_word",,,1,"",
"trial","D_T_VOT_3_F0_1.mp3","indent-intent","English",3,1,"left_word","right_word",,,1,"",
"trial","D_T_VOT_3_F0_2.mp3","indent-intent","English",3,2,"left_word","right_word",,,1,"",
"trial","D_T_VOT_3_F0_3.mp3","indent-intent","English",3,3,"left_word","right_word",,,1,"",
"trial","D_T_VOT_3_F0_4.mp3","indent-intent","English",3,4,"left_word","right_word",,,1,"",
"trial","D_T_VOT_3_F0_5.mp3","indent-intent","English",3,5,"left_word","right_word",,,1,"",
"trial","D_T_VOT_4_F0_1.mp3","indent-intent","English",4,1,"left_word","right_word",,,1,"",
"trial","D_T_VOT_4_F0_2.mp3","indent-intent","English",4,2,"left_word","right_word",,,1,"",
"trial","D_T_VOT_4_F0_3.mp3","indent-intent","English",4,3,"left_word","right_word",,,1,"",
"trial","D_T_VOT_4_F0_4.mp3","indent-intent","English",4,4,"left_word","right_word",,,1,"",
"trial","D_T_VOT_4_F0_5.mp3","indent-intent","English",4,5,"left_word","right_word",,,1,"",
"trial","D_T_VOT_5_F0_1.mp3","indent-intent","English",5,1,"left_word","right_word",,,1,"",
"trial","D_T_VOT_5_F0_2.mp3","indent-intent","English",5,2,"left_word","right_word",,,1,"",
"trial","D_T_VOT_5_F0_3.mp3","indent-intent","English",5,3,"left_word","right_word",,,1,"",
"trial","D_T_VOT_5_F0_4.mp3","indent-intent","English",5,4,"left_word","right_word",,,1,"",
"trial","D_T_VOT_5_F0_5.mp3","indent-intent","English",5,5,"left_word","right_word",,,1,"",
"trial","D_T_VOT_6_F0_1.mp3","indent-intent","English",6,1,"left_word","right_word",,,1,"",
"trial","D_T_VOT_6_F0_2.mp3","indent-intent","English",6,2,"left_word","right_word",,,1,"",
"trial","D_T_VOT_6_F0_3.mp3","indent-intent","English",6,3,"left_word","right_word",,,1,"",
"trial","D_T_VOT_6_F0_4.mp3","indent-intent","English",6,4,"left_word","right_word",,,1,"",
"trial","D_T_VOT_6_F0_5.mp3","indent-intent","English",6,5,"left_word","right_word",,,1,"",
"trial","D_T_VOT_7_F0_1.mp3","indent-intent","English",7,1,"left_word","right_word",,,1,"",
"trial","D_T_VOT_7_F0_2.mp3","indent-intent","English",7,2,"left_word","right_word",,,1,"",
"trial","D_T_VOT_7_F0_3.mp3","indent-intent","English",7,3,"left_word","right_word",,,1,"",
"trial","D_T_VOT_7_F0_4.mp3","indent-intent","English",7,4,"left_word","right_word",,,1,"",
"trial","D_T_VOT_7_F0_5.mp3","indent-intent","English",7,5,"left_word","right_word",,,1,"",
"break_2D",,,,,,,,,,,"60000",
"block_display",,"reason-risen",,,,,,"reason.png","risen.png",,"","Block 2 of 4"
"trial","I_IH_spec_1_dur_1.mp3","reason-risen","English",1,1,"left_word","right_word",,,2,"",
"trial","I_IH_spec_1_dur_2.mp3","reason-risen","English",1,2,"left_word","right_word",,,2,"",
"trial","I_IH_spec_1_dur_3.mp3","reason-risen","English",1,3,"left_word","right_word",,,2,"",
"trial","I_IH_spec_1_dur_4.mp3","reason-risen","English",1,4,"left_word","right_word",,,2,"",
"trial","I_IH_spec_1_dur_5.mp3","reason-risen","English",1,5,"left_word","right_word",,,2,"",
"trial","I_IH_spec_2_dur_1.mp3","reason-risen","English",2,1,"left_word","right_word",,,2,"",
"trial","I_IH_spec_2_dur_2.mp3","reason-risen","English",2,2,"left_word","right_word",,,2,"",
"trial","I_IH_spec_2_dur_3.mp3","reason-risen","English",2,3,"left_word","right_word",,,2,"",
"trial","I_IH_spec_2_dur_4.mp3","reason-risen","English",2,4,"left_word","right_word",,,2,"",
"trial","I_IH_spec_2_dur_5.mp3","reason-risen","English",2,5,"left_word","right_word",,,2,"",
"trial","I_IH_spec_3_dur_1.mp3","reason-risen","English",3,1,"left_word","right_word",,,2,"",
"trial","I_IH_spec_3_dur_2.mp3","reason-risen","English",3,2,"left_word","right_word",,,2,"",
"trial","I_IH_spec_3_dur_3.mp3","reason-risen","English",3,3,"left_word","right_word",,,2,"",
"trial","I_IH_spec_3_dur_4.mp3","reason-risen","English",3,4,"left_word","right_word",,,2,"",
"trial","I_IH_spec_3_dur_5.mp3","reason-risen","English",3,5,"left_word","right_word",,,2,"",
"trial","I_IH_spec_4_dur_1.mp3","reason-risen","English",4,1,"left_word","right_word",,,2,"",
"trial","I_IH_spec_4_dur_2.mp3","reason-risen","English",4,2,"left_word","right_word",,,2,"",
"trial","I_IH_spec_4_dur_3.mp3","reason-risen","English",4,3,"left_word","right_word",,,2,"",
"trial","I_IH_spec_4_dur_4.mp3","reason-risen","English",4,4,"left_word","right_word",,,2,"",
"trial","I_IH_spec_4_dur_5.mp3","reason-risen","English",4,5,"left_word","right_word",,,2,"",
"trial","I_IH_spec_5_dur_1.mp3","reason-risen","English",5,1,"left_word","right_word",,,2,"",
"trial","I_IH_spec_5_dur_2.mp3","reason-risen","English",5,2,"left_word","right_word",,,2,"",
"trial","I_IH_spec_5_dur_3.mp3","reason-risen","English",5,3,"left_word","right_word",,,2,"",
"trial","I_IH_spec_5_dur_4.mp3","reason-risen","English",5,4,"left_word","right_word",,,2,"",
"trial","I_IH_spec_5_dur_5.mp3","reason-risen","English",5,5,"left_word","right_word",,,2,"",
"trial","I_IH_spec_6_dur_1.mp3","reason-risen","English",6,1,"left_word","right_word",,,2,"",
"trial","I_IH_spec_6_dur_2.mp3","reason-risen","English",6,2,"left_word","right_word",,,2,"",
"trial","I_IH_spec_6_dur_3.mp3","reason-risen","English",6,3,"left_word","right_word",,,2,"",
"trial","I_IH_spec_6_dur_4.mp3","reason-risen","English",6,4,"left_word","right_word",,,2,"",
"trial","I_IH_spec_6_dur_5.mp3","reason-risen","English",6,5,"left_word","right_word",,,2,"",
"trial","I_IH_spec_7_dur_1.mp3","reason-risen","English",7,1,"left_word","right_word",,,2,"",
"trial","I_IH_spec_7_dur_2.mp3","reason-risen","English",7,2,"left_word","right_word",,,2,"",
"trial","I_IH_spec_7_dur_3.mp3","reason-risen","English",7,3,"left_word","right_word",,,2,"",
"trial","I_IH_spec_7_dur_4.mp3","reason-risen","English",7,4,"left_word","right_word",,,2,"",
"trial","I_IH_spec_7_dur_5.mp3","reason-risen","English",7,5,"left_word","right_word",,,2,"",
"mini-break",,,,,,,,,,,"20000",
"trial","I_IH_spec_1_dur_1.mp3","reason-risen","English",1,1,"left_word","right_word",,,2,"",
"trial","I_IH_spec_1_dur_2.mp3","reason-risen","English",1,2,"left_word","right_word",,,2,"",
"trial","I_IH_spec_1_dur_3.mp3","reason-risen","English",1,3,"left_word","right_word",,,2,"",
"trial","I_IH_spec_1_dur_4.mp3","reason-risen","English",1,4,"left_word","right_word",,,2,"",
"trial","I_IH_spec_1_dur_5.mp3","reason-risen","English",1,5,"left_word","right_word",,,2,"",
"trial","I_IH_spec_2_dur_1.mp3","reason-risen","English",2,1,"left_word","right_word",,,2,"",
"trial","I_IH_spec_2_dur_2.mp3","reason-risen","English",2,2,"left_word","right_word",,,2,"",
"trial","I_IH_spec_2_dur_3.mp3","reason-risen","English",2,3,"left_word","right_word",,,2,"",
"trial","I_IH_spec_2_dur_4.mp3","reason-risen","English",2,4,"left_word","right_word",,,2,"",
"trial","I_IH_spec_2_dur_5.mp3","reason-risen","English",2,5,"left_word","right_word",,,2,"",
"trial","I_IH_spec_3_dur_1.mp3","reason-risen","English",3,1,"left_word","right_word",,,2,"",
"trial","I_IH_spec_3_dur_2.mp3","reason-risen","English",3,2,"left_word","right_word",,,2,"",
"trial","I_IH_spec_3_dur_3.mp3","reason-risen","English",3,3,"left_word","right_word",,,2,"",
"trial","I_IH_spec_3_dur_4.mp3","reason-risen","English",3,4,"left_word","right_word",,,2,"",
"trial","I_IH_spec_3_dur_5.mp3","reason-risen","English",3,5,"left_word","right_word",,,2,"",
"trial","I_IH_spec_4_dur_1.mp3","reason-risen","English",4,1,"left_word","right_word",,,2,"",
"trial","I_IH_spec_4_dur_2.mp3","reason-risen","English",4,2,"left_word","right_word",,,2,"",
"trial","I_IH_spec_4_dur_3.mp3","reason-risen","English",4,3,"left_word","right_word",,,2,"",
"trial","I_IH_spec_4_dur_4.mp3","reason-risen","English",4,4,"left_word","right_word",,,2,"",
"trial","I_IH_spec_4_dur_5.mp3","reason-risen","English",4,5,"left_word","right_word",,,2,"",
"trial","I_IH_spec_5_dur_1.mp3","reason-risen","English",5,1,"left_word","right_word",,,2,"",
"trial","I_IH_spec_5_dur_2.mp3","reason-risen","English",5,2,"left_word","right_word",,,2,"",
"trial","I_IH_spec_5_dur_3.mp3","reason-risen","English",5,3,"left_word","right_word",,,2,"",
"trial","I_IH_spec_5_dur_4.mp3","reason-risen","English",5,4,"left_word","right_word",,,2,"",
"trial","I_IH_spec_5_dur_5.mp3","reason-risen","English",5,5,"left_word","right_word",,,2,"",
"trial","I_IH_spec_6_dur_1.mp3","reason-risen","English",6,1,"left_word","right_word",,,2,"",
"trial","I_IH_spec_6_dur_2.mp3","reason-risen","English",6,2,"left_word","right_word",,,2,"",
"trial","I_IH_spec_6_dur_3.mp3","reason-risen","English",6,3,"left_word","right_word",,,2,"",
"trial","I_IH_spec_6_dur_4.mp3","reason-risen","English",6,4,"left_word","right_word",,,2,"",
"trial","I_IH_spec_6_dur_5.mp3","reason-risen","English",6,5,"left_word","right_word",,,2,"",
"trial","I_IH_spec_7_dur_1.mp3","reason-risen","English",7,1,"left_word","right_word",,,2,"",
"trial","I_IH_spec_7_dur_2.mp3","reason-risen","English",7,2,"left_word","right_word",,,2,"",
"trial","I_IH_spec_7_dur_3.mp3","reason-risen","English",7,3,"left_word","right_word",,,2,"",
"trial","I_IH_spec_7_dur_4.mp3","reason-risen","English",7,4,"left_word","right_word",,,2,"",
"trial","I_IH_spec_7_dur_5.mp3","reason-risen","English",7,5,"left_word","right_word",,,2,"",
"mini-break",,,,,,,,,,,"20000",
"trial","I_IH_spec_1_dur_1.mp3","reason-risen","English",1,1,"left_word","right_word",,,2,"",
"trial","I_IH_spec_1_dur_2.mp3","reason-risen","English",1,2,"left_word","right_word",,,2,"",
"trial","I_IH_spec_1_dur_3.mp3","reason-risen","English",1,3,"left_word","right_word",,,2,"",
"trial","I_IH_spec_1_dur_4.mp3","reason-risen","English",1,4,"left_word","right_word",,,2,"",
"trial","I_IH_spec_1_dur_5.mp3","reason-risen","English",1,5,"left_word","right_word",,,2,"",
"trial","I_IH_spec_2_dur_1.mp3","reason-risen","English",2,1,"left_word","right_word",,,2,"",
"trial","I_IH_spec_2_dur_2.mp3","reason-risen","English",2,2,"left_word","right_word",,,2,"",
"trial","I_IH_spec_2_dur_3.mp3","reason-risen","English",2,3,"left_word","right_word",,,2,"",
"trial","I_IH_spec_2_dur_4.mp3","reason-risen","English",2,4,"left_word","right_word",,,2,"",
"trial","I_IH_spec_2_dur_5.mp3","reason-risen","English",2,5,"left_word","right_word",,,2,"",
"trial","I_IH_spec_3_dur_1.mp3","reason-risen","English",3,1,"left_word","right_word",,,2,"",
"trial","I_IH_spec_3_dur_2.mp3","reason-risen","English",3,2,"left_word","right_word",,,2,"",
"trial","I_IH_spec_3_dur_3.mp3","reason-risen","English",3,3,"left_word","right_word",,,2,"",
"trial","I_IH_spec_3_dur_4.mp3","reason-risen","English",3,4,"left_word","right_word",,,2,"",
"trial","I_IH_spec_3_dur_5.mp3","reason-risen","English",3,5,"left_word","right_word",,,2,"",
"trial","I_IH_spec_4_dur_1.mp3","reason-risen","English",4,1,"left_word","right_word",,,2,"",
"trial","I_IH_spec_4_dur_2.mp3","reason-risen","English",4,2,"left_word","right_word",,,2,"",
"trial","I_IH_spec_4_dur_3.mp3","reason-risen","English",4,3,"left_word","right_word",,,2,"",
"trial","I_IH_spec_4_dur_4.mp3","reason-risen","English",4,4,"left_word","right_word",,,2,"",
"trial","I_IH_spec_4_dur_5.mp3","reason-risen","English",4,5,"left_word","right_word",,,2,"",
"trial","I_IH_spec_5_dur_1.mp3","reason-risen","English",5,1,"left_word","right_word",,,2,"",
"trial","I_IH_spec_5_dur_2.mp3","reason-risen","English",5,2,"left_word","right_word",,,2,"",
"trial","I_IH_spec_5_dur_3.mp3","reason-risen","English",5,3,"left_word","right_word",,,2,"",
"trial","I_IH_spec_5_dur_4.mp3","reason-risen","English",5,4,"left_word","right_word",,,2,"",
"trial","I_IH_spec_5_dur_5.mp3","reason-risen","English",5,5,"left_word","right_word",,,2,"",
"trial","I_IH_spec_6_dur_1.mp3","reason-risen","English",6,1,"left_word","right_word",,,2,"",
"trial","I_IH_spec_6_dur_2.mp3","reason-risen","English",6,2,"left_word","right_word",,,2,"",
"trial","I_IH_spec_6_dur_3.mp3","reason-risen","English",6,3,"left_word","right_word",,,2,"",
"trial","I_IH_spec_6_dur_4.mp3","reason-risen","English",6,4,"left_word","right_word",,,2,"",
"trial","I_IH_spec_6_dur_5.mp3","reason-risen","English",6,5,"left_word","right_word",,,2,"",
"trial","I_IH_spec_7_dur_1.mp3","reason-risen","English",7,1,"left_word","right_word",,,2,"",
"trial","I_IH_spec_7_dur_2.mp3","reason-risen","English",7,2,"left_word","right_word",,,2,"",
"trial","I_IH_spec_7_dur_3.mp3","reason-risen","English",7,3,"left_word","right_word",,,2,"",
"trial","I_IH_spec_7_dur_4.mp3","reason-risen","English",7,4,"left_word","right_word",,,2,"",
"trial","I_IH_spec_7_dur_5.mp3","reason-risen","English",7,5,"left_word","right_word",,,2,"",
"break_2D",,,,,,,,,,,"60000",
"block_display",,"toru-tooru",,,,,,"toru.png","tooru.png",,"","Block 3 of 4"
"trial","O_OO_dur_1_F0_1_toru_origin.mp3","toru-tooru","Japanese",1,1,"left_word","right_word",,,4,"",
"trial","O_OO_dur_1_F0_2_toru_origin.mp3","toru-tooru","Japanese",1,2,"left_word","right_word",,,4,"",
"trial","O_OO_dur_1_F0_3_toru_origin.mp3","toru-tooru","Japanese",1,3,"left_word","right_word",,,4,"",
"trial","O_OO_dur_1_F0_4_toru_origin.mp3","toru-tooru","Japanese",1,4,"left_word","right_word",,,4,"",
"trial","O_OO_dur_1_F0_5_toru_origin.mp3","toru-tooru","Japanese",1,5,"left_word","right_word",,,4,"",
"trial","O_OO_dur_2_F0_1_toru_origin.mp3","toru-tooru","Japanese",2,1,"left_word","right_word",,,4,"",
"trial","O_OO_dur_2_F0_2_toru_origin.mp3","toru-tooru","Japanese",2,2,"left_word","right_word",,,4,"",
"trial","O_OO_dur_2_F0_3_toru_origin.mp3","toru-tooru","Japanese",2,3,"left_word","right_word",,,4,"",
"trial","O_OO_dur_2_F0_4_toru_origin.mp3","toru-tooru","Japanese",2,4,"left_word","right_word",,,4,"",
"trial","O_OO_dur_2_F0_5_toru_origin.mp3","toru-tooru","Japanese",2,5,"left_word","right_word",,,4,"",
"trial","O_OO_dur_3_F0_1_toru_origin.mp3","toru-tooru","Japanese",3,1,"left_word","right_word",,,4,"",
"trial","O_OO_dur_3_F0_2_toru_origin.mp3","toru-tooru","Japanese",3,2,"left_word","right_word",,,4,"",
"trial","O_OO_dur_3_F0_3_toru_origin.mp3","toru-tooru","Japanese",3,3,"left_word","right_word",,,4,"",
"trial","O_OO_dur_3_F0_4_toru_origin.mp3","toru-tooru","Japanese",3,4,"left_word","right_word",,,4,"",
"trial","O_OO_dur_3_F0_5_toru_origin.mp3","toru-tooru","Japanese",3,5,"left_word","right_word",,,4,"",
"trial","O_OO_dur_4_F0_1_toru_origin.mp3","toru-tooru","Japanese",4,1,"left_word","right_word",,,4,"",
"trial","O_OO_dur_4_F0_2_tooru_origin.mp3","toru-tooru","Japanese",4,2,"left_word","right_word",,,4,"",
"trial","O_OO_dur_4_F0_3_tooru_origin.mp3","toru-tooru","Japanese",4,3,"left_word","right_word",,,4,"",
"trial","O_OO_dur_4_F0_4_tooru_origin.mp3","toru-tooru","Japanese",4,4,"left_word","right_word",,,4,"",
"trial","O_OO_dur_4_F0_5_tooru_origin.mp3","toru-tooru","Japanese",4,5,"left_word","right_word",,,4,"",
"trial","O_OO_dur_5_F0_1_tooru_origin.mp3","toru-tooru","Japanese",5,1,"left_word","right_word",,,4,"",
"trial","O_OO_dur_5_F0_2_tooru_origin.mp3","toru-tooru","Japanese",5,2,"left_word","right_word",,,4,"",
"trial","O_OO_dur_5_F0_3_tooru_origin.mp3","toru-tooru","Japanese",5,3,"left_word","right_word",,,4,"",
"trial","O_OO_dur_5_F0_4_tooru_origin.mp3","toru-tooru","Japanese",5,4,"left_word","right_word",,,4,"",
"trial","O_OO_dur_5_F0_5_tooru_origin.mp3","toru-tooru","Japanese",5,5,"left_word","right_word",,,4,"",
"trial","O_OO_dur_6_F0_1_tooru_origin.mp3","toru-tooru","Japanese",6,1,"left_word","right_word",,,4,"",
"trial","O_OO_dur_6_F0_2_tooru_origin.mp3","toru-tooru","Japanese",6,2,"left_word","right_word",,,4,"",
"trial","O_OO_dur_6_F0_3_tooru_origin.mp3","toru-tooru","Japanese",6,3,"left_word","right_word",,,4,"",
"trial","O_OO_dur_6_F0_4_tooru_origin.mp3","toru-tooru","Japanese",6,4,"left_word","right_word",,,4,"",
"trial","O_OO_dur_6_F0_5_tooru_origin.mp3","toru-tooru","Japanese",6,5,"left_word","right_word",,,4,"",
"trial","O_OO_dur_7_F0_1_tooru_origin.mp3","toru-tooru","Japanese",7,1,"left_word","right_word",,,4,"",
"trial","O_OO_dur_7_F0_2_tooru_origin.mp3","toru-tooru","Japanese",7,2,"left_word","right_word",,,4,"",
"trial","O_OO_dur_7_F0_3_tooru_origin.mp3","toru-tooru","Japanese",7,3,"left_word","right_word",,,4,"",
"trial","O_OO_dur_7_F0_4_tooru_origin.mp3","toru-tooru","Japanese",7,4,"left_word","right_word",,,4,"",
"trial","O_OO_dur_7_F0_5_tooru_origin.mp3","toru-tooru","Japanese",7,5,"left_word","right_word",,,4,"",
"mini-break",,,,,,,,,,,"20000",
"trial","O_OO_dur_1_F0_1_toru_origin.mp3","toru-tooru","Japanese",1,1,"left_word","right_word",,,4,"",
"trial","O_OO_dur_1_F0_2_toru_origin.mp3","toru-tooru","Japanese",1,2,"left_word","right_word",,,4,"",
"trial","O_OO_dur_1_F0_3_toru_origin.mp3","toru-tooru","Japanese",1,3,"left_word","right_word",,,4,"",
"trial","O_OO_dur_1_F0_4_toru_origin.mp3","toru-tooru","Japanese",1,4,"left_word","right_word",,,4,"",
"trial","O_OO_dur_1_F0_5_toru_origin.mp3","toru-tooru","Japanese",1,5,"left_word","right_word",,,4,"",
"trial","O_OO_dur_2_F0_1_toru_origin.mp3","toru-tooru","Japanese",2,1,"left_word","right_word",,,4,"",
"trial","O_OO_dur_2_F0_2_toru_origin.mp3","toru-tooru","Japanese",2,2,"left_word","right_word",,,4,"",
"trial","O_OO_dur_2_F0_3_toru_origin.mp3","toru-tooru","Japanese",2,3,"left_word","right_word",,,4,"",
"trial","O_OO_dur_2_F0_4_toru_origin.mp3","toru-tooru","Japanese",2,4,"left_word","right_word",,,4,"",
"trial","O_OO_dur_2_F0_5_toru_origin.mp3","toru-tooru","Japanese",2,5,"left_word","right_word",,,4,"",
"trial","O_OO_dur_3_F0_1_toru_origin.mp3","toru-tooru","Japanese",3,1,"left_word","right_word",,,4,"",
"trial","O_OO_dur_3_F0_2_toru_origin.mp3","toru-tooru","Japanese",3,2,"left_word","right_word",,,4,"",
"trial","O_OO_dur_3_F0_3_toru_origin.mp3","toru-tooru","Japanese",3,3,"left_word","right_word",,,4,"",
"trial","O_OO_dur_3_F0_4_toru_origin.mp3","toru-tooru","Japanese",3,4,"left_word","right_word",,,4,"",
"trial","O_OO_dur_3_F0_5_toru_origin.mp3","toru-tooru","Japanese",3,5,"left_word","right_word",,,4,"",
"trial","O_OO_dur_4_F0_1_toru_origin.mp3","toru-tooru","Japanese",4,1,"left_word","right_word",,,4,"",
"trial","O_OO_dur_4_F0_2_tooru_origin.mp3","toru-tooru","Japanese",4,2,"left_word","right_word",,,4,"",
"trial","O_OO_dur_4_F0_3_tooru_origin.mp3","toru-tooru","Japanese",4,3,"left_word","right_word",,,4,"",
"trial","O_OO_dur_4_F0_4_tooru_origin.mp3","toru-tooru","Japanese",4,4,"left_word","right_word",,,4,"",
"trial","O_OO_dur_4_F0_5_tooru_origin.mp3","toru-tooru","Japanese",4,5,"left_word","right_word",,,4,"",
"trial","O_OO_dur_5_F0_1_tooru_origin.mp3","toru-tooru","Japanese",5,1,"left_word","right_word",,,4,"",
"trial","O_OO_dur_5_F0_2_tooru_origin.mp3","toru-tooru","Japanese",5,2,"left_word","right_word",,,4,"",
"trial","O_OO_dur_5_F0_3_tooru_origin.mp3","toru-tooru","Japanese",5,3,"left_word","right_word",,,4,"",
"trial","O_OO_dur_5_F0_4_tooru_origin.mp3","toru-tooru","Japanese",5,4,"left_word","right_word",,,4,"",
"trial","O_OO_dur_5_F0_5_tooru_origin.mp3","toru-tooru","Japanese",5,5,"left_word","right_word",,,4,"",
"trial","O_OO_dur_6_F0_1_tooru_origin.mp3","toru-tooru","Japanese",6,1,"left_word","right_word",,,4,"",
"trial","O_OO_dur_6_F0_2_tooru_origin.mp3","toru-tooru","Japanese",6,2,"left_word","right_word",,,4,"",
"trial","O_OO_dur_6_F0_3_tooru_origin.mp3","toru-tooru","Japanese",6,3,"left_word","right_word",,,4,"",
"trial","O_OO_dur_6_F0_4_tooru_origin.mp3","toru-tooru","Japanese",6,4,"left_word","right_word",,,4,"",
"trial","O_OO_dur_6_F0_5_tooru_origin.mp3","toru-tooru","Japanese",6,5,"left_word","right_word",,,4,"",
"trial","O_OO_dur_7_F0_1_tooru_origin.mp3","toru-tooru","Japanese",7,1,"left_word","right_word",,,4,"",
"trial","O_OO_dur_7_F0_2_tooru_origin.mp3","toru-tooru","Japanese",7,2,"left_word","right_word",,,4,"",
"trial","O_OO_dur_7_F0_3_tooru_origin.mp3","toru-tooru","Japanese",7,3,"left_word","right_word",,,4,"",
"trial","O_OO_dur_7_F0_4_tooru_origin.mp3","toru-tooru","Japanese",7,4,"left_word","right_word",,,4,"",
"trial","O_OO_dur_7_F0_5_tooru_origin.mp3","toru-tooru","Japanese",7,5,"left_word","right_word",,,4,"",
"mini-break",,,,,,,,,,,"20000",
"trial","O_OO_dur_1_F0_1_toru_origin.mp3","toru-tooru","Japanese",1,1,"left_word","right_word",,,4,"",
"trial","O_OO_dur_1_F0_2_toru_origin.mp3","toru-tooru","Japanese",1,2,"left_word","right_word",,,4,"",
"trial","O_OO_dur_1_F0_3_toru_origin.mp3","toru-tooru","Japanese",1,3,"left_word","right_word",,,4,"",
"trial","O_OO_dur_1_F0_4_toru_origin.mp3","toru-tooru","Japanese",1,4,"left_word","right_word",,,4,"",
"trial","O_OO_dur_1_F0_5_toru_origin.mp3","toru-tooru","Japanese",1,5,"left_word","right_word",,,4,"",
"trial","O_OO_dur_2_F0_1_toru_origin.mp3","toru-tooru","Japanese",2,1,"left_word","right_word",,,4,"",
"trial","O_OO_dur_2_F0_2_toru_origin.mp3","toru-tooru","Japanese",2,2,"left_word","right_word",,,4,"",
"trial","O_OO_dur_2_F0_3_toru_origin.mp3","toru-tooru","Japanese",2,3,"left_word","right_word",,,4,"",
"trial","O_OO_dur_2_F0_4_toru_origin.mp3","toru-tooru","Japanese",2,4,"left_word","right_word",,,4,"",
"trial","O_OO_dur_2_F0_5_toru_origin.mp3","toru-tooru","Japanese",2,5,"left_word","right_word",,,4,"",
"trial","O_OO_dur_3_F0_1_toru_origin.mp3","toru-tooru","Japanese",3,1,"left_word","right_word",,,4,"",
"trial","O_OO_dur_3_F0_2_toru_origin.mp3","toru-tooru","Japanese",3,2,"left_word","right_word",,,4,"",
"trial","O_OO_dur_3_F0_3_toru_origin.mp3","toru-tooru","Japanese",3,3,"left_word","right_word",,,4,"",
"trial","O_OO_dur_3_F0_4_toru_origin.mp3","toru-tooru","Japanese",3,4,"left_word","right_word",,,4,"",
"trial","O_OO_dur_3_F0_5_toru_origin.mp3","toru-tooru","Japanese",3,5,"left_word","right_word",,,4,"",
"trial","O_OO_dur_4_F0_1_toru_origin.mp3","toru-tooru","Japanese",4,1,"left_word","right_word",,,4,"",
"trial","O_OO_dur_4_F0_2_tooru_origin.mp3","toru-tooru","Japanese",4,2,"left_word","right_word",,,4,"",
"trial","O_OO_dur_4_F0_3_tooru_origin.mp3","toru-tooru","Japanese",4,3,"left_word","right_word",,,4,"",
"trial","O_OO_dur_4_F0_4_tooru_origin.mp3","toru-tooru","Japanese",4,4,"left_word","right_word",,,4,"",
"trial","O_OO_dur_4_F0_5_tooru_origin.mp3","toru-tooru","Japanese",4,5,"left_word","right_word",,,4,"",
"trial","O_OO_dur_5_F0_1_tooru_origin.mp3","toru-tooru","Japanese",5,1,"left_word","right_word",,,4,"",
"trial","O_OO_dur_5_F0_2_tooru_origin.mp3","toru-tooru","Japanese",5,2,"left_word","right_word",,,4,"",
"trial","O_OO_dur_5_F0_3_tooru_origin.mp3","toru-tooru","Japanese",5,3,"left_word","right_word",,,4,"",
"trial","O_OO_dur_5_F0_4_tooru_origin.mp3","toru-tooru","Japanese",5,4,"left_word","right_word",,,4,"",
"trial","O_OO_dur_5_F0_5_tooru_origin.mp3","toru-tooru","Japanese",5,5,"left_word","right_word",,,4,"",
"trial","O_OO_dur_6_F0_1_tooru_origin.mp3","toru-tooru","Japanese",6,1,"left_word","right_word",,,4,"",
"trial","O_OO_dur_6_F0_2_tooru_origin.mp3","toru-tooru","Japanese",6,2,"left_word","right_word",,,4,"",
"trial","O_OO_dur_6_F0_3_tooru_origin.mp3","toru-tooru","Japanese",6,3,"left_word","right_word",,,4,"",
"trial","O_OO_dur_6_F0_4_tooru_origin.mp3","toru-tooru","Japanese",6,4,"left_word","right_word",,,4,"",
"trial","O_OO_dur_6_F0_5_tooru_origin.mp3","toru-tooru","Japanese",6,5,"left_word","right_word",,,4,"",
"trial","O_OO_dur_7_F0_1_tooru_origin.mp3","toru-tooru","Japanese",7,1,"left_word","right_word",,,4,"",
"trial","O_OO_dur_7_F0_2_tooru_origin.mp3","toru-tooru","Japanese",7,2,"left_word","right_word",,,4,"",
"trial","O_OO_dur_7_F0_3_tooru_origin.mp3","toru-tooru","Japanese",7,3,"left_word","right_word",,,4,"",
"trial","O_OO_dur_7_F0_4_tooru_origin.mp3","toru-tooru","Japanese",7,4,"left_word","right_word",,,4,"",
"trial","O_OO_dur_7_F0_5_tooru_origin.mp3","toru-tooru","Japanese",7,5,"left_word","right_word",,,4,"",
"break_2D",,,,,,,,,,,"60000",
"block_display",,"kata-katta",,,,,,"kata.png","katta.png",,"","Block 4 of 4"
"trial","T_TT_dur_1_F0_1.mp3","kata-katta","Japanese",1,1,"left_word","right_word",,,3,"",
"trial","T_TT_dur_1_F0_2.mp3","kata-katta","Japanese",1,2,"left_word","right_word",,,3,"",
"trial","T_TT_dur_1_F0_3.mp3","kata-katta","Japanese",1,3,"left_word","right_word",,,3,"",
"trial","T_TT_dur_1_F0_4.mp3","kata-katta","Japanese",1,4,"left_word","right_word",,,3,"",
"trial","T_TT_dur_1_F0_5.mp3","kata-katta","Japanese",1,5,"left_word","right_word",,,3,"",
"trial","T_TT_dur_2_F0_1.mp3","kata-katta","Japanese",2,1,"left_word","right_word",,,3,"",
"trial","T_TT_dur_2_F0_2.mp3","kata-katta","Japanese",2,2,"left_word","right_word",,,3,"",
"trial","T_TT_dur_2_F0_3.mp3","kata-katta","Japanese",2,3,"left_word","right_word",,,3,"",
"trial","T_TT_dur_2_F0_4.mp3","kata-katta","Japanese",2,4,"left_word","right_word",,,3,"",
"trial","T_TT_dur_2_F0_5.mp3","kata-katta","Japanese",2,5,"left_word","right_word",,,3,"",
"trial","T_TT_dur_3_F0_1.mp3","kata-katta","Japanese",3,1,"left_word","right_word",,,3,"",
"trial","T_TT_dur_3_F0_2.mp3","kata-katta","Japanese",3,2,"left_word","right_word",,,3,"",
"trial","T_TT_dur_3_F0_3.mp3","kata-katta","Japanese",3,3,"left_word","right_word",,,3,"",
"trial","T_TT_dur_3_F0_4.mp3","kata-katta","Japanese",3,4,"left_word","right_word",,,3,"",
"trial","T_TT_dur_3_F0_5.mp3","kata-katta","Japanese",3,5,"left_word","right_word",,,3,"",
"trial","T_TT_dur_4_F0_1.mp3","kata-katta","Japanese",4,1,"left_word","right_word",,,3,"",
"trial","T_TT_dur_4_F0_2.mp3","kata-katta","Japanese",4,2,"left_word","right_word",,,3,"",
"trial","T_TT_dur_4_F0_3.mp3","kata-katta","Japanese",4,3,"left_word","right_word",,,3,"",
"trial","T_TT_dur_4_F0_4.mp3","kata-katta","Japanese",4,4,"left_word","right_word",,,3,"",
"trial","T_TT_dur_4_F0_5.mp3","kata-katta","Japanese",4,5,"left_word","right_word",,,3,"",
"trial","T_TT_dur_5_F0_1.mp3","kata-katta","Japanese",5,1,"left_word","right_word",,,3,"",
"trial","T_TT_dur_5_F0_2.mp3","kata-katta","Japanese",5,2,"left_word","right_word",,,3,"",
"trial","T_TT_dur_5_F0_3.mp3","kata-katta","Japanese",5,3,"left_word","right_word",,,3,"",
"trial","T_TT_dur_5_F0_4.mp3","kata-katta","Japanese",5,4,"left_word","right_word",,,3,"",
"trial","T_TT_dur_5_F0_5.mp3","kata-katta","Japanese",5,5,"left_word","right_word",,,3,"",
"trial","T_TT_dur_6_F0_1.mp3","kata-katta","Japanese",6,1,"left_word","right_word",,,3,"",
"trial","T_TT_dur_6_F0_2.mp3","kata-katta","Japanese",6,2,"left_word","right_word",,,3,"",
"trial","T_TT_dur_6_F0_3.mp3","kata-katta","Japanese",6,3,"left_word","right_word",,,3,"",
"trial","T_TT_dur_6_F0_4.mp3","kata-katta","Japanese",6,4,"left_word","right_word",,,3,"",
"trial","T_TT_dur_6_F0_5.mp3","kata-katta","Japanese",6,5,"left_word","right_word",,,3,"",
"trial","T_TT_dur_7_F0_1.mp3","kata-katta","Japanese",7,1,"left_word","right_word",,,3,"",
"trial","T_TT_dur_7_F0_2.mp3","kata-katta","Japanese",7,2,"left_word","right_word",,,3,"",
"trial","T_TT_dur_7_F0_3.mp3","kata-katta","Japanese",7,3,"left_word","right_word",,,3,"",
"trial","T_TT_dur_7_F0_4.mp3","kata-katta","Japanese",7,4,"left_word","right_word",,,3,"",
"trial","T_TT_dur_7_F0_5.mp3","kata-katta","Japanese",7,5,"left_word","right_word",,,3,"",
"mini-break",,,,,,,,,,,"20000",
"trial","T_TT_dur_1_F0_1.mp3","kata-katta","Japanese",1,1,"left_word","right_word",,,3,"",
"trial","T_TT_dur_1_F0_2.mp3","kata-katta","Japanese",1,2,"left_word","right_word",,,3,"",
"trial","T_TT_dur_1_F0_3.mp3","kata-katta","Japanese",1,3,"left_word","right_word",,,3,"",
"trial","T_TT_dur_1_F0_4.mp3","kata-katta","Japanese",1,4,"left_word","right_word",,,3,"",
"trial","T_TT_dur_1_F0_5.mp3","kata-katta","Japanese",1,5,"left_word","right_word",,,3,"",
"trial","T_TT_dur_2_F0_1.mp3","kata-katta","Japanese",2,1,"left_word","right_word",,,3,"",
"trial","T_TT_dur_2_F0_2.mp3","kata-katta","Japanese",2,2,"left_word","right_word",,,3,"",
"trial","T_TT_dur_2_F0_3.mp3","kata-katta","Japanese",2,3,"left_word","right_word",,,3,"",
"trial","T_TT_dur_2_F0_4.mp3","kata-katta","Japanese",2,4,"left_word","right_word",,,3,"",
"trial","T_TT_dur_2_F0_5.mp3","kata-katta","Japanese",2,5,"left_word","right_word",,,3,"",
"trial","T_TT_dur_3_F0_1.mp3","kata-katta","Japanese",3,1,"left_word","right_word",,,3,"",
"trial","T_TT_dur_3_F0_2.mp3","kata-katta","Japanese",3,2,"left_word","right_word",,,3,"",
"trial","T_TT_dur_3_F0_3.mp3","kata-katta","Japanese",3,3,"left_word","right_word",,,3,"",
"trial","T_TT_dur_3_F0_4.mp3","kata-katta","Japanese",3,4,"left_word","right_word",,,3,"",
"trial","T_TT_dur_3_F0_5.mp3","kata-katta","Japanese",3,5,"left_word","right_word",,,3,"",
"trial","T_TT_dur_4_F0_1.mp3","kata-katta","Japanese",4,1,"left_word","right_word",,,3,"",
"trial","T_TT_dur_4_F0_2.mp3","kata-katta","Japanese",4,2,"left_word","right_word",,,3,"",
"trial","T_TT_dur_4_F0_3.mp3","kata-katta","Japanese",4,3,"left_word","right_word",,,3,"",
"trial","T_TT_dur_4_F0_4.mp3","kata-katta","Japanese",4,4,"left_word","right_word",,,3,"",
"trial","T_TT_dur_4_F0_5.mp3","kata-katta","Japanese",4,5,"left_word","right_word",,,3,"",
"trial","T_TT_dur_5_F0_1.mp3","kata-katta","Japanese",5,1,"left_word","right_word",,,3,"",
"trial","T_TT_dur_5_F0_2.mp3","kata-katta","Japanese",5,2,"left_word","right_word",,,3,"",
"trial","T_TT_dur_5_F0_3.mp3","kata-katta","Japanese",5,3,"left_word","right_word",,,3,"",
"trial","T_TT_dur_5_F0_4.mp3","kata-katta","Japanese",5,4,"left_word","right_word",,,3,"",
"trial","T_TT_dur_5_F0_5.mp3","kata-katta","Japanese",5,5,"left_word","right_word",,,3,"",
"trial","T_TT_dur_6_F0_1.mp3","kata-katta","Japanese",6,1,"left_word","right_word",,,3,"",
"trial","T_TT_dur_6_F0_2.mp3","kata-katta","Japanese",6,2,"left_word","right_word",,,3,"",
"trial","T_TT_dur_6_F0_3.mp3","kata-katta","Japanese",6,3,"left_word","right_word",,,3,"",
"trial","T_TT_dur_6_F0_4.mp3","kata-katta","Japanese",6,4,"left_word","right_word",,,3,"",
"trial","T_TT_dur_6_F0_5.mp3","kata-katta","Japanese",6,5,"left_word","right_word",,,3,"",
"trial","T_TT_dur_7_F0_1.mp3","kata-katta","Japanese",7,1,"left_word","right_word",,,3,"",
"trial","T_TT_dur_7_F0_2.mp3","kata-katta","Japanese",7,2,"left_word","right_word",,,3,"",
"trial","T_TT_dur_7_F0_3.mp3","kata-katta","Japanese",7,3,"left_word","right_word",,,3,"",
"trial","T_TT_dur_7_F0_4.mp3","kata-katta","Japanese",7,4,"left_word","right_word",,,3,"",
"trial","T_TT_dur_7_F0_5.mp3","kata-katta","Japanese",7,5,"left_word","right_word",,,3,"",
"mini-break",,,,,,,,,,,"20000",
"trial","T_TT_dur_1_F0_1.mp3","kata-katta","Japanese",1,1,"left_word","right_word",,,3,"",
"trial","T_TT_dur_1_F0_2.mp3","kata-katta","Japanese",1,2,"left_word","right_word",,,3,"",
"trial","T_TT_dur_1_F0_3.mp3","kata-katta","Japanese",1,3,"left_word","right_word",,,3,"",
"trial","T_TT_dur_1_F0_4.mp3","kata-katta","Japanese",1,4,"left_word","right_word",,,3,"",
"trial","T_TT_dur_1_F0_5.mp3","kata-katta","Japanese",1,5,"left_word","right_word",,,3,"",
"trial","T_TT_dur_2_F0_1.mp3","kata-katta","Japanese",2,1,"left_word","right_word",,,3,"",
"trial","T_TT_dur_2_F0_2.mp3","kata-katta","Japanese",2,2,"left_word","right_word",,,3,"",
"trial","T_TT_dur_2_F0_3.mp3","kata-katta","Japanese",2,3,"left_word","right_word",,,3,"",
"trial","T_TT_dur_2_F0_4.mp3","kata-katta","Japanese",2,4,"left_word","right_word",,,3,"",
"trial","T_TT_dur_2_F0_5.mp3","kata-katta","Japanese",2,5,"left_word","right_word",,,3,"",
"trial","T_TT_dur_3_F0_1.mp3","kata-katta","Japanese",3,1,"left_word","right_word",,,3,"",
"trial","T_TT_dur_3_F0_2.mp3","kata-katta","Japanese",3,2,"left_word","right_word",,,3,"",
"trial","T_TT_dur_3_F0_3.mp3","kata-katta","Japanese",3,3,"left_word","right_word",,,3,"",
"trial","T_TT_dur_3_F0_4.mp3","kata-katta","Japanese",3,4,"left_word","right_word",,,3,"",
"trial","T_TT_dur_3_F0_5.mp3","kata-katta","Japanese",3,5,"left_word","right_word",,,3,"",
"trial","T_TT_dur_4_F0_1.mp3","kata-katta","Japanese",4,1,"left_word","right_word",,,3,"",
"trial","T_TT_dur_4_F0_2.mp3","kata-katta","Japanese",4,2,"left_word","right_word",,,3,"",
"trial","T_TT_dur_4_F0_3.mp3","kata-katta","Japanese",4,3,"left_word","right_word",,,3,"",
"trial","T_TT_dur_4_F0_4.mp3","kata-katta","Japanese",4,4,"left_word","right_word",,,3,"",
"trial","T_TT_dur_4_F0_5.mp3","kata-katta","Japanese",4,5,"left_word","right_word",,,3,"",
"trial","T_TT_dur_5_F0_1.mp3","kata-katta","Japanese",5,1,"left_word","right_word",,,3,"",
"trial","T_TT_dur_5_F0_2.mp3","kata-katta","Japanese",5,2,"left_word","right_word",,,3,"",
"trial","T_TT_dur_5_F0_3.mp3","kata-katta","Japanese",5,3,"left_word","right_word",,,3,"",
"trial","T_TT_dur_5_F0_4.mp3","kata-katta","Japanese",5,4,"left_word","right_word",,,3,"",
"trial","T_TT_dur_5_F0_5.mp3","kata-katta","Japanese",5,5,"left_word","right_word",,,3,"",
"trial","T_TT_dur_6_F0_1.mp3","kata-katta","Japanese",6,1,"left_word","right_word",,,3,"",
"trial","T_TT_dur_6_F0_2.mp3","kata-katta","Japanese",6,2,"left_word","right_word",,,3,"",
"trial","T_TT_dur_6_F0_3.mp3","kata-katta","Japanese",6,3,"left_word","right_word",,,3,"",
"trial","T_TT_dur_6_F0_4.mp3","kata-katta","Japanese",6,4,"left_word","right_word",,,3,"",
"trial","T_TT_dur_6_F0_5.mp3","kata-katta","Japanese",6,5,"left_word","right_word",,,3,"",
"trial","T_TT_dur_7_F0_1.mp3","kata-katta","Japanese",7,1,"left_word","right_word",,,3,"",
"trial","T_TT_dur_7_F0_2.mp3","kata-katta","Japanese",7,2,"left_word","right_word",,,3,"",
"trial","T_TT_dur_7_F0_3.mp3","kata-katta","Japanese",7,3,"left_word","right_word",,,3,"",
"trial","T_TT_dur_7_F0_4.mp3","kata-katta","Japanese",7,4,"left_word","right_word",,,3,"",
"trial","T_TT_dur_7_F0_5.mp3","kata-katta","Japanese",7,5,"left_word","right_word",,,3,"",
"end",,,,,,,,,,,"",
