"ID","age","gender","language1","language2","language3","language4","aoa_lang_lang1","aoa_L_lang1","aoa_S_lang1","aoa_R_lang1","aoa_W_lang1","aoa_YoU_lang1","aoa_lang_lang2","aoa_L_lang2","aoa_S_lang2","aoa_R_lang2","aoa_W_lang2","aoa_YoU_lang2","aoa_lang_lang3","aoa_L_lang3","aoa_S_lang3","aoa_R_lang3","aoa_W_lang3","aoa_YoU_lang3","aoa_lang_lang4","aoa_L_lang4","aoa_S_lang4","aoa_R_lang4","aoa_W_lang4","aoa_YoU_lang4","foreign_countries_country_country1","foreign_countries_length_of_stay_country1","foreign_countries_lang_country1","foreign_countries_lang_frequency_country1","foreign_countries_country_country2","foreign_countries_length_of_stay_country2","foreign_countries_lang_country2","foreign_countries_lang_frequency_country2","foreign_countries_country_country3","foreign_countries_length_of_stay_country3","foreign_countries_lang_country3","foreign_countries_lang_frequency_country3","foreign_countries_country_country4","foreign_countries_length_of_stay_country4","foreign_countries_lang_country4","foreign_countries_lang_frequency_country4","non_native_acquired_lang_non_native_lang1","non_native_acquired_immersion_non_native_lang1","non_native_acquired_classroom_instruction_non_native_lang1","non_native_acquired_self_learning_non_native_lang1","non_native_acquired_lang_non_native_lang2","non_native_acquired_immersion_non_native_lang2","non_native_acquired_classroom_instruction_non_native_lang2","non_native_acquired_self_learning_non_native_lang2","non_native_acquired_lang_non_native_lang3","non_native_acquired_immersion_non_native_lang3","non_native_acquired_classroom_instruction_non_native_lang3","non_native_acquired_self_learning_non_native_lang3","non_native_acquired_lang_non_native_lang4","non_native_acquired_immersion_non_native_lang4","non_native_acquired_classroom_instruction_non_native_lang4","non_native_acquired_self_learning_non_native_lang4","aoa_environments_lang_lang1","aoa_environments_at_home_lang1","aoa_environments_with_friends_lang1","aoa_environments_at_school_lang1","aoa_environments_at_work_lang1","aoa_environments_lang_software_lang1","aoa_environments_online_games_lang1","aoa_environments_lang_lang2","aoa_environments_at_home_lang2","aoa_environments_with_friends_lang2","aoa_environments_at_school_lang2","aoa_environments_at_work_lang2","aoa_environments_lang_software_lang2","aoa_environments_online_games_lang2","aoa_environments_lang_lang3","aoa_environments_at_home_lang3","aoa_environments_with_friends_lang3","aoa_environments_at_school_lang3","aoa_environments_at_work_lang3","aoa_environments_lang_software_lang3","aoa_environments_online_games_lang3","aoa_environments_lang_lang4","aoa_environments_at_home_lang4","aoa_environments_with_friends_lang4","aoa_environments_at_school_lang4","aoa_environments_at_work_lang4","aoa_environments_lang_software_lang4","aoa_environments_online_games_lang4","education_lang_elem","education_switched_to_lang_elem","education_both_langs_elem","education_lang_middle","education_switched_to_lang_middle","education_both_langs_middle","education_lang_high","education_switched_to_lang_high","education_both_langs_high","education_lang_college","education_switched_to_lang_college","education_both_langs_college","education_lang_master","education_switched_to_lang_master","education_both_langs_master","education_lang_doctor","education_switched_to_lang_doctor","education_both_langs_doctor","proficiency_lang_lang1","proficiency_L_lang1","proficiency_S_lang1","proficiency_R_lang1","proficiency_W_lang1","proficiency_lang_lang2","proficiency_L_lang2","proficiency_S_lang2","proficiency_R_lang2","proficiency_W_lang2","proficiency_lang_lang3","proficiency_L_lang3","proficiency_S_lang3","proficiency_R_lang3","proficiency_W_lang3","proficiency_lang_lang4","proficiency_L_lang4","proficiency_S_lang4","proficiency_R_lang4","proficiency_W_lang4","hours_activities_lang_lang1","hours_activities_TV_L_lang1","hours_activities_radio_L_lang1","hours_activities_fun_R_lang1","hours_activities_school_work_R_lang1","hours_activities_social_internet_W_lang1","hours_activities_school_work_W_lang1","hours_activities_lang_lang2","hours_activities_TV_L_lang2","hours_activities_radio_L_lang2","hours_activities_fun_R_lang2","hours_activities_school_work_R_lang2","hours_activities_social_internet_W_lang2","hours_activities_school_work_W_lang2","hours_activities_lang_lang3","hours_activities_TV_L_lang3","hours_activities_radio_L_lang3","hours_activities_fun_R_lang3","hours_activities_school_work_R_lang3","hours_activities_social_internet_W_lang3","hours_activities_school_work_W_lang3","hours_activities_lang_lang4","hours_activities_TV_L_lang4","hours_activities_radio_L_lang4","hours_activities_fun_R_lang4","hours_activities_school_work_R_lang4","hours_activities_social_internet_W_lang4","hours_activities_school_work_W_lang4","hours_people_lang_lang1","hours_people_family_S_lang1","hours_people_friends_S_lang1","hours_people_classmates_S_lang1","hours_people_others_S_lang1","hours_people_lang_lang2","hours_people_family_S_lang2","hours_people_friends_S_lang2","hours_people_classmates_S_lang2","hours_people_others_S_lang2","hours_people_lang_lang3","hours_people_family_S_lang3","hours_people_friends_S_lang3","hours_people_classmates_S_lang3","hours_people_others_S_lang3","hours_people_lang_lang4","hours_people_family_S_lang4","hours_people_friends_S_lang4","hours_people_classmates_S_lang4","hours_people_others_S_lang4","preferred_lang_L_at_home","preferred_lang_S_at_home","preferred_lang_R_at_home","preferred_lang_W_at_home","preferred_lang_L_at_school","preferred_lang_S_at_school","preferred_lang_R_at_school","preferred_lang_W_at_school","preferred_lang_L_at_work","preferred_lang_S_at_work","preferred_lang_R_at_work","preferred_lang_W_at_work","preferred_lang_L_with_friends","preferred_lang_S_with_friends","preferred_lang_R_with_friends","preferred_lang_W_with_friends","friends_lang_lang1","friends_percentage_lang1","friends_lang_lang2","friends_percentage_lang2","friends_lang_lang3","friends_percentage_lang3","friends_lang_lang4","friends_percentage_lang4","additional_info_comment_question_11","dialects_comment_question_12"
"5114",31,"Female","English",NA,NA,NA,"English",0,0,3,4,31,NA,NA,NA,NA,NA,NA,NA,NA,NA,NA,NA,NA,NA,NA,NA,NA,NA,NA,NA,NA,NA,NA,NA,NA,NA,NA,NA,NA,NA,NA,NA,NA,NA,NA,NA,NA,NA,NA,NA,NA,NA,NA,NA,NA,NA,NA,NA,NA,NA,NA,"English",0,4,5,16,12,13,NA,NA,NA,NA,NA,NA,NA,NA,NA,NA,NA,NA,NA,NA,NA,NA,NA,NA,NA,NA,NA,"English",NA,NA,"English",NA,NA,"English",NA,NA,"English",NA,NA,"English",NA,NA,NA,NA,NA,"English",7,7,7,7,NA,NA,NA,NA,NA,NA,NA,NA,NA,NA,NA,NA,NA,NA,NA,"English",1,0,1,6,3,4,NA,NA,NA,NA,NA,NA,NA,NA,NA,NA,NA,NA,NA,NA,NA,NA,NA,NA,NA,NA,NA,"English",4,4,NA,5,NA,NA,NA,NA,NA,NA,NA,NA,NA,NA,NA,NA,NA,NA,NA,"English","English","English","English","English",NA,NA,NA,"English","English","English","English","English","English","English","English","English",90,NA,NA,NA,NA,NA,NA,NA,NA
"5178",38,"Male","English","French","German",NA,"English",0,0,0,0,38,"French",12,12,12,12,5,"German",24,24,24,24,1,NA,NA,NA,NA,NA,NA,NA,NA,NA,NA,NA,NA,NA,NA,NA,NA,NA,NA,NA,NA,NA,NA,"French",NA,"classroom_instruction",NA,"German",NA,NA,"self_learning",NA,NA,NA,NA,NA,NA,NA,NA,"English",0,0,4,13,NA,12,"French",NA,NA,12,NA,NA,NA,"German",NA,NA,NA,NA,24,NA,NA,NA,NA,NA,NA,NA,NA,"English",NA,0,"English",NA,0,"English",NA,0,"English",NA,0,"English",NA,0,NA,NA,0,"English",7,7,7,7,"French",1,1,1,1,"German",1,1,1,1,NA,NA,NA,NA,NA,"English",2,2,0,4,3,4,"French",0,0,0,0,0,0,"German",0,0,0,0,0,0,NA,NA,NA,NA,NA,NA,NA,"English",5,5,0,5,"French",0,0,0,0,"German",0,0,0,0,NA,NA,NA,NA,NA,"English","English","English","English","English","English","English","English","English","English","English","English","English","English","English","English","English",100,"French",0,"German",0,NA,NA,"Took French classes in middle/high school, didn't use outside of class.
Learned German via Rosetta Stone for a little bit to familiarize self prior to trip to Switzerland. Didn't use beyond that.","No"
"5031",28,"Male","English","Spanish","French",NA,"English",0,0,0,0,28,"Spanish",2,2,2,2,2,"French",2,2,2,2,2,NA,NA,NA,NA,NA,NA,NA,NA,NA,NA,NA,NA,NA,NA,NA,NA,NA,NA,NA,NA,NA,NA,"Spanish",NA,"classroom_instruction","self_learning","French",NA,"classroom_instruction","self_learning",NA,NA,NA,NA,NA,NA,NA,NA,"English",0,5,5,16,5,5,"Spanish",NA,16,16,16,16,16,"French",NA,NA,22,NA,22,NA,NA,NA,NA,NA,NA,NA,NA,"English",NA,0,"English",NA,0,"English","Spanish",1,"English","French",1,"English",NA,NA,NA,NA,NA,"English",7,7,7,7,"Spanish",4,4,3,2,"French",4,4,3,2,NA,NA,NA,NA,NA,"English",2,2,2,8,2,4,"Spanish",0,0,0,1,0,1,"French",0,0,0,1,0,1,NA,NA,NA,NA,NA,NA,NA,"English",4,4,1,2,"Spanish",0,0,0,1,"French",0,0,0,1,NA,NA,NA,NA,NA,"English","English","English","English","English","English","English","English","English","English","English","English","English","English","English","English","English",100,"Spanish",25,"French",5,NA,NA,"I'm a native English speaker, and most of my family and friends are as well. I wish that I had more opportunities to be exposed to other languages, but I feel like most people in my area aren't supportive of that. Living in the southern US for my entire life I feel like I'm exposed to languages outside of English less than average.",NA
"5208",24,"Female","English","Spanish","French","German","English",0,0,0,0,24,"Spanish",4,4,NA,6,10,"French",16,16,16,16,3,"German",15,15,15,15,2,NA,NA,NA,NA,NA,NA,NA,NA,NA,NA,NA,NA,NA,NA,NA,NA,"Spanish",NA,"classroom_instruction",NA,"French",NA,"classroom_instruction",NA,"German",NA,"classroom_instruction",NA,NA,NA,NA,NA,"English",0,0,0,0,0,0,"Spanish",5,NA,NA,NA,NA,16,"French",NA,14,16,NA,NA,14,"German",NA,NA,15,NA,NA,NA,"English",NA,NA,"English",NA,NA,"English",NA,NA,"English",NA,NA,NA,NA,NA,NA,NA,NA,"English",7,7,7,7,"Spanish",2,3,1,2,"French",2,3,2,1,"German",1,1,1,1,"English",6,6,8,8,14,8,"Spanish",0,0,0,0,2,0,"French",0,0,0,0,1,0,"German",0,0,0,0,1,0,"English",10,10,3,3,"Spanish",0,0,0,0,"French",0,0,0,0,"German",0,0,0,0,"English","English","English","English","English","English","English","English","English","English","English","English","English","English","English","English","English",100,"Spanish",0,"French",0,"German",0,NA,"I'm southern and black so I have a southern dialect and I use African American Venicular English."
"5156",35,"Female","English",NA,NA,NA,"English",0,2,4,5,35,NA,NA,NA,NA,NA,NA,NA,NA,NA,NA,NA,NA,NA,NA,NA,NA,NA,NA,NA,NA,NA,NA,NA,NA,NA,NA,NA,NA,NA,NA,NA,NA,NA,NA,NA,NA,NA,NA,NA,NA,NA,NA,NA,NA,NA,NA,NA,NA,NA,NA,"English",0,5,5,14,NA,14,NA,NA,NA,NA,NA,NA,NA,NA,NA,NA,NA,NA,NA,NA,NA,NA,NA,NA,NA,NA,NA,NA,NA,NA,NA,NA,NA,NA,NA,NA,NA,NA,NA,NA,NA,NA,NA,NA,NA,"English",7,7,7,7,NA,NA,NA,NA,NA,NA,NA,NA,NA,NA,NA,NA,NA,NA,NA,"English",7,5,4,0,8,0,NA,NA,NA,NA,NA,NA,NA,NA,NA,NA,NA,NA,NA,NA,NA,NA,NA,NA,NA,NA,NA,"English",NA,6,NA,5,NA,NA,NA,NA,NA,NA,NA,NA,NA,NA,NA,NA,NA,NA,NA,"English","English","English","English",NA,NA,NA,NA,NA,NA,NA,NA,"English","English","English","English","English",100,NA,NA,NA,NA,NA,NA,NA,NA
"5096",31,"Female","English",NA,NA,NA,"English",0,0,0,0,31,NA,NA,NA,NA,NA,NA,NA,NA,NA,NA,NA,NA,NA,NA,NA,NA,NA,NA,"Japan","24","English",7,NA,NA,NA,NA,NA,NA,NA,NA,NA,NA,NA,NA,NA,NA,NA,NA,NA,NA,NA,NA,NA,NA,NA,NA,NA,NA,NA,NA,"English",0,0,0,NA,NA,NA,NA,NA,NA,NA,NA,NA,NA,NA,NA,NA,NA,NA,NA,NA,NA,NA,NA,NA,NA,NA,NA,"English",NA,0,"English",NA,0,"English",NA,0,"English",NA,NA,"English",NA,0,"English",NA,NA,"English",7,7,7,7,NA,NA,NA,NA,NA,NA,NA,NA,NA,NA,NA,NA,NA,NA,NA,"English",4,0,1,1,1,1,NA,NA,NA,NA,NA,NA,NA,NA,NA,NA,NA,NA,NA,NA,NA,NA,NA,NA,NA,NA,NA,"English",1,3,0,1,NA,NA,NA,NA,NA,NA,NA,NA,NA,NA,NA,NA,NA,NA,NA,"English","English","English","English","English","English","English","English","English","English","English","English","English","English","English","English","English",100,NA,NA,NA,NA,NA,NA,"Na","No"
"5356",29,"Male","English",NA,NA,NA,"English",0,0,0,0,29,NA,NA,NA,NA,NA,NA,NA,NA,NA,NA,NA,NA,NA,NA,NA,NA,NA,NA,"Ireland","5","English",7,NA,NA,NA,NA,NA,NA,NA,NA,NA,NA,NA,NA,"English",NA,NA,NA,NA,NA,NA,NA,NA,NA,NA,NA,NA,NA,NA,NA,"English",0,4,5,15,15,10,NA,NA,NA,NA,NA,NA,NA,NA,NA,NA,NA,NA,NA,NA,NA,NA,NA,NA,NA,NA,NA,"English",NA,NA,"English",NA,NA,"English",NA,NA,"English",NA,NA,NA,NA,NA,NA,NA,NA,"English",7,7,7,7,NA,NA,NA,NA,NA,NA,NA,NA,NA,NA,NA,NA,NA,NA,NA,"English",2,0,1,3,4,3,NA,NA,NA,NA,NA,NA,NA,NA,NA,NA,NA,NA,NA,NA,NA,NA,NA,NA,NA,NA,NA,"English",3,1,0,4,NA,NA,NA,NA,NA,NA,NA,NA,NA,NA,NA,NA,NA,NA,NA,"English","English","English","English","English","English","English","English","English","English","English","English","English","English","English","English","English",100,NA,NA,NA,NA,NA,NA,"I am a native English speaker from NJ, USA. Unfortunately In don't speak any other languages fluently.",NA
"5386",36,"Male","English",NA,NA,NA,"English",0,0,0,0,36,NA,NA,NA,NA,NA,NA,NA,NA,NA,NA,NA,NA,NA,NA,NA,NA,NA,NA,"USA","432","English",7,NA,NA,NA,NA,NA,NA,NA,NA,NA,NA,NA,NA,NA,NA,NA,NA,NA,NA,NA,NA,NA,NA,NA,NA,NA,NA,NA,NA,"English",0,0,0,0,0,0,NA,NA,NA,NA,NA,NA,NA,NA,NA,NA,NA,NA,NA,NA,NA,NA,NA,NA,NA,NA,NA,"English",NA,NA,"English",NA,NA,"English",NA,NA,NA,NA,NA,NA,NA,NA,NA,NA,NA,"English",7,7,7,7,NA,NA,NA,NA,NA,NA,NA,NA,NA,NA,NA,NA,NA,NA,NA,"English",0,0,1,0,1,0,NA,NA,NA,NA,NA,NA,NA,NA,NA,NA,NA,NA,NA,NA,NA,NA,NA,NA,NA,NA,NA,"English",2,1,NA,NA,NA,NA,NA,NA,NA,NA,NA,NA,NA,NA,NA,NA,NA,NA,NA,"English","English","English","English",NA,NA,NA,NA,"English","English","English","English","English","English","English","English","English",100,NA,NA,NA,NA,NA,NA,"I only speak English.","Not that I'm aware of"
"5348",30,"Female","English","Japanese",NA,NA,"English",0,0,0,0,30,"Japanese",29,29,29,29,1,NA,NA,NA,NA,NA,NA,NA,NA,NA,NA,NA,NA,NA,NA,NA,NA,NA,NA,NA,NA,NA,NA,NA,NA,NA,NA,NA,NA,"Japanese",NA,"classroom_instruction","self_learning",NA,NA,NA,NA,NA,NA,NA,NA,NA,NA,NA,NA,"English",0,0,4,16,NA,6,"Japanese",NA,29,29,NA,29,NA,NA,NA,NA,NA,NA,NA,NA,NA,NA,NA,NA,NA,NA,NA,"English",NA,NA,"English",NA,NA,"English",NA,NA,"English","Japanese",NA,NA,NA,NA,NA,NA,NA,"English",7,7,7,7,"Japanese",2,1,1,2,NA,NA,NA,NA,NA,NA,NA,NA,NA,NA,"English",10,0,5,1,10,1,"Japanese",0,0,0,1,0,1,NA,NA,NA,NA,NA,NA,NA,NA,NA,NA,NA,NA,NA,NA,"English",1,4,1,1,"Japanese",0,0,1,0,NA,NA,NA,NA,NA,NA,NA,NA,NA,NA,"English","English","English","English","English","English","English","English","English","English","English","English","English","English","English","English","English",99,"Japanese",1,NA,NA,NA,NA,"I only studied Japanese for a year and have almost ceased engaging in that learning activity at my age now (now that class is over), so it was a bit hard to quantify some of my answers regarding that. I have a friend who speaks Japanese but we don't have a lot of contact.",NA
"5363",26,"Female","English",NA,NA,NA,"English",0,0,0,0,26,NA,NA,NA,NA,NA,NA,NA,NA,NA,NA,NA,NA,NA,NA,NA,NA,NA,NA,NA,NA,NA,NA,NA,NA,NA,NA,NA,NA,NA,NA,NA,NA,NA,NA,"English",NA,NA,NA,NA,NA,NA,NA,NA,NA,NA,NA,NA,NA,NA,NA,"English",0,0,0,0,0,0,NA,NA,NA,NA,NA,NA,NA,NA,NA,NA,NA,NA,NA,NA,NA,NA,NA,NA,NA,NA,NA,"0",NA,NA,"0",NA,NA,"0",NA,NA,"0",NA,NA,NA,NA,NA,NA,NA,NA,"English",7,7,7,7,NA,NA,NA,NA,NA,NA,NA,NA,NA,NA,NA,NA,NA,NA,NA,"English",2,1,3,0,4,6,NA,NA,NA,NA,NA,NA,NA,NA,NA,NA,NA,NA,NA,NA,NA,NA,NA,NA,NA,NA,NA,"English",2,5,0,7,NA,NA,NA,NA,NA,NA,NA,NA,NA,NA,NA,NA,NA,NA,NA,"English","English","English","English","English","English","English","English","English","English","English","English","English","English","English","English","English",100,NA,NA,NA,NA,NA,NA,"nope!","nope!"
"5341",25,"Female","English","French","Spanish","Japanese","English",0,0,0,0,25,"French",11,11,11,11,14,"Spanish",11,11,11,11,14,"Japanese",11,11,11,11,14,"Japan","18","Japanese",5,"France",14,"French",5,NA,NA,NA,NA,NA,NA,NA,NA,"English",NA,NA,"self_learning","French","immersion",NA,NA,"Spanish",NA,NA,"self_learning","Japanese",NA,NA,"self_learning","English",0,0,2,15,16,14,"French",11,11,11,20,11,11,"Spanish",11,11,11,20,12,11,"Japanese",11,11,21,11,11,11,"English",NA,NA,"English",NA,NA,"English",NA,NA,"English",NA,NA,"English",NA,NA,"English",NA,NA,"English",7,7,7,7,"French",5,5,6,5,"Spanish",6,5,6,5,"Japanese",6,5,6,6,"English",10,0,6,8,9,8,"French",0,0,3,2,3,2,"Spanish",0,0,3,2,2,1,"Japanese",0,0,4,2,2,2,"English",15,13,8,10,"French",3,4,NA,NA,"Spanish",NA,NA,NA,NA,"Japanese",3,5,2,3,"English","English","English","English","French","English","English","English","English","English","English","English","English","English","English","English","English",90,"French",20,"Spanish",15,"Japanese",30,"I use more of English and Japanese in my daily life.",NA
"5440",39,"Female","English","French",NA,NA,"English",0,0,5,5,39,"French",15,15,15,15,4,NA,NA,NA,NA,NA,NA,NA,NA,NA,NA,NA,NA,NA,NA,NA,NA,NA,NA,NA,NA,NA,NA,NA,NA,NA,NA,NA,NA,"French",NA,"classroom_instruction",NA,NA,NA,NA,NA,NA,NA,NA,NA,NA,NA,NA,NA,"English",0,3,5,16,NA,13,"French",NA,NA,15,NA,NA,NA,NA,NA,NA,NA,NA,NA,NA,NA,NA,NA,NA,NA,NA,NA,"English",NA,NA,"English",NA,NA,"English",NA,NA,"English",NA,NA,NA,NA,NA,NA,NA,NA,"English",7,7,7,7,"French",3,3,3,3,NA,NA,NA,NA,NA,NA,NA,NA,NA,NA,"English",7,0,1,0,5,1,"French",0,0,0,0,0,0,NA,NA,NA,NA,NA,NA,NA,NA,NA,NA,NA,NA,NA,NA,"English",1,1,NA,NA,"French",0,0,NA,NA,NA,NA,NA,NA,NA,NA,NA,NA,NA,NA,"English","English","English","English","English","English","English","English","English","English","English","English","English","English","English","English","English",99,"French",1,NA,NA,NA,NA,"I only know any amount of French because I took French for 4 years in high school.","No"
"5456",23,"Female","English","Spanish",NA,NA,"English",0,2,5,5,23,"Spanish",0,3,6,6,23,NA,NA,NA,NA,NA,NA,NA,NA,NA,NA,NA,NA,NA,NA,NA,NA,NA,NA,NA,NA,NA,NA,NA,NA,NA,NA,NA,NA,"Spanish",NA,"classroom_instruction","self_learning",NA,NA,NA,NA,NA,NA,NA,NA,NA,NA,NA,NA,"English",0,5,5,20,12,9,"Spanish",0,6,6,20,NA,NA,NA,NA,NA,NA,NA,NA,NA,NA,NA,NA,NA,NA,NA,NA,"English",NA,0,"English",NA,0,"English",NA,NA,"English",NA,NA,"English",NA,NA,NA,NA,NA,"English",7,7,7,7,"Spanish",7,7,7,7,NA,NA,NA,NA,NA,NA,NA,NA,NA,NA,"English",2,1,0,1,5,1,"Spanish",0,1,1,0,0,0,NA,NA,NA,NA,NA,NA,NA,NA,NA,NA,NA,NA,NA,NA,"English",5,5,2,4,"Spanish",2,1,0,NA,NA,NA,NA,NA,NA,NA,NA,NA,NA,NA,"English","English","English","English","English","English","English","English","English","English","English","English","English","English","English","English","English",100,"Spanish",90,NA,NA,NA,NA,NA,"No"
"5448",27,"Female","english","spanish",NA,NA,"english",0,1,4,3,27,"spanish",15,15,15,15,2,NA,NA,NA,NA,NA,NA,NA,NA,NA,NA,NA,NA,NA,NA,NA,NA,NA,NA,NA,NA,NA,NA,NA,NA,NA,NA,NA,NA,"spanish",NA,"classroom_instruction",NA,NA,NA,NA,NA,NA,NA,NA,NA,NA,NA,NA,NA,"english",0,1,5,NA,NA,NA,"spanish",NA,NA,15,NA,NA,NA,NA,NA,NA,NA,NA,NA,NA,NA,NA,NA,NA,NA,NA,NA,"english",NA,NA,"english",NA,NA,"english","spanish",1,"english",NA,NA,NA,NA,NA,NA,NA,NA,"english",7,7,7,7,"spanish",1,1,1,1,NA,NA,NA,NA,NA,NA,NA,NA,NA,NA,"english",2,0,2,3,1,2,"spanish",0,0,0,0,0,0,NA,NA,NA,NA,NA,NA,NA,NA,NA,NA,NA,NA,NA,NA,"english",4,3,1,NA,"spanish",0,0,0,NA,NA,NA,NA,NA,NA,NA,NA,NA,NA,NA,"english","english","english","english","english","english","english","english","english",NA,NA,NA,"english","english","english","english","english",100,"spanish",0,NA,NA,NA,NA,"i only spoke spanish while i was learning it at high school. i may be able to pick out/say a few words in Spanish but overall I wouldn't say I'm skilled in it at all","no"
"5585",29,"Male","English","Spanish",NA,NA,"English",0,1,4,4,29,"Spanish",9,9,9,9,7,NA,NA,NA,NA,NA,NA,NA,NA,NA,NA,NA,NA,NA,NA,NA,NA,NA,NA,NA,NA,NA,NA,NA,NA,NA,NA,NA,NA,"Spanish",NA,"classroom_instruction",NA,NA,NA,NA,NA,NA,NA,NA,NA,NA,NA,NA,NA,"English",0,3,3,13,NA,13,"Spanish",0,0,9,0,0,0,NA,NA,NA,NA,NA,NA,NA,NA,NA,NA,NA,NA,NA,NA,"English",NA,0,"English","Spanish",1,"English","Spanish",1,"English",NA,NA,"English",NA,NA,NA,NA,NA,"English",6,6,6,5,"Spanish",3,3,3,2,NA,NA,NA,NA,NA,NA,NA,NA,NA,NA,"English",2,2,0.5,5,2,1,"Spanish",0,0,0,0,0,0,NA,NA,NA,NA,NA,NA,NA,NA,NA,NA,NA,NA,NA,NA,"English",16,8,0,8,"Spanish",0,0,0,0,NA,NA,NA,NA,NA,NA,NA,NA,NA,NA,"English","English","English","English","English","English","English","English","English","English","English","English","English","English","English","English","English",100,"Spanish",10,NA,NA,NA,NA,"I took many years of spanish classes from 3rd grade through highschool but was never really good at  it. And over the years of me not using it my skill has faded.","None."
"5231",27,"Male","English","German",NA,NA,"English",0,0,0,0,27,"German",18,19,18,19,3,NA,NA,NA,NA,NA,NA,NA,NA,NA,NA,NA,NA,"Japan","48","English",7,NA,NA,NA,NA,NA,NA,NA,NA,NA,NA,NA,NA,"German",NA,"classroom_instruction",NA,NA,NA,NA,NA,NA,NA,NA,NA,NA,NA,NA,NA,"English",0,0,0,0,0,0,"German",NA,NA,18,NA,18,NA,NA,NA,NA,NA,NA,NA,NA,NA,NA,NA,NA,NA,NA,NA,"English",NA,NA,"English",NA,NA,"English",NA,NA,"English",NA,NA,NA,NA,NA,NA,NA,NA,"English",7,7,7,7,"German",3,1,2,1,NA,NA,NA,NA,NA,NA,NA,NA,NA,NA,"English",1,2,1,2,10,2,"German",0,0,0,0,0,0,NA,NA,NA,NA,NA,NA,NA,NA,NA,NA,NA,NA,NA,NA,"English",3,3,2,3,"German",0,0,0,0,NA,NA,NA,NA,NA,NA,NA,NA,NA,NA,"English","English","English","English","English","English","English","English","English","English","English","English","English","English","English","English","English",100,"German",0,NA,NA,NA,NA,"Mainly took german from courses taken in school.",NA
"5552",32,"Female","English","Spanish","German",NA,"English",0,0,0,0,31,"Spanish",8,10,8,10,2,"German",18,18,18,18,10,NA,NA,NA,NA,NA,NA,"Germany","24","German",6,NA,NA,NA,NA,NA,NA,NA,NA,NA,NA,NA,NA,"Spanish",NA,"classroom_instruction",NA,"German",NA,"classroom_instruction","self_learning",NA,NA,NA,NA,NA,NA,NA,NA,"English",0,0,0,0,0,0,"Spanish",NA,8,8,NA,10,10,"German",NA,NA,18,NA,18,NA,NA,NA,NA,NA,NA,NA,NA,"English",NA,NA,"English",NA,NA,"English",NA,NA,"English","German",1,NA,NA,NA,NA,NA,NA,"English",7,7,7,7,"Spanish",5,4,6,6,"German",5,4,7,6,NA,NA,NA,NA,NA,"English",2,0,1,5,4,3,"Spanish",0,0,0,0,0,0,"German",1,0,1,0,1,0,NA,NA,NA,NA,NA,NA,NA,"English",3,1,0,0,"Spanish",0,0,0,0,"German",0,1,0,0,NA,NA,NA,NA,NA,"English","English","English","English","English","English","English","English","English","English","English","English","English","English","English","English","English",80,"Spanish",20,"German",10,NA,NA,NA,NA
"5569",32,"Male","English",NA,NA,NA,"English",0,2,3,4,32,NA,NA,NA,NA,NA,NA,NA,NA,NA,NA,NA,NA,NA,NA,NA,NA,NA,NA,NA,NA,NA,NA,NA,NA,NA,NA,NA,NA,NA,NA,NA,NA,NA,NA,NA,NA,NA,NA,NA,NA,NA,NA,NA,NA,NA,NA,NA,NA,NA,NA,"English",0,4,3,16,11,13,NA,NA,NA,NA,NA,NA,NA,NA,NA,NA,NA,NA,NA,NA,NA,NA,NA,NA,NA,NA,NA,"English",NA,NA,"English",NA,NA,"English",NA,NA,NA,NA,NA,NA,NA,NA,NA,NA,NA,"English",7,5,7,7,NA,NA,NA,NA,NA,NA,NA,NA,NA,NA,NA,NA,NA,NA,NA,"English",7,1,2,6,8,1,NA,NA,NA,NA,NA,NA,NA,NA,NA,NA,NA,NA,NA,NA,NA,NA,NA,NA,NA,NA,NA,"English",0.2,NA,NA,NA,NA,NA,NA,NA,NA,NA,NA,NA,NA,NA,NA,NA,NA,NA,NA,"English","English","English","English",NA,NA,NA,NA,"English","English","English","English",NA,NA,"English","English","English",60,NA,NA,NA,NA,NA,NA,NA,"Not sure"
"5599",33,"Female","English",NA,NA,NA,"English",0,0,0,0,33,NA,NA,NA,NA,NA,NA,NA,NA,NA,NA,NA,NA,NA,NA,NA,NA,NA,NA,NA,NA,NA,NA,NA,NA,NA,NA,NA,NA,NA,NA,NA,NA,NA,NA,NA,NA,NA,NA,NA,NA,NA,NA,NA,NA,NA,NA,NA,NA,NA,NA,"English",0,0,0,0,0,0,NA,NA,NA,NA,NA,NA,NA,NA,NA,NA,NA,NA,NA,NA,NA,NA,NA,NA,NA,NA,NA,"English",NA,0,"English",NA,0,"English",NA,0,"English",NA,NA,NA,NA,NA,NA,NA,NA,"English",6,6,6,6,NA,NA,NA,NA,NA,NA,NA,NA,NA,NA,NA,NA,NA,NA,NA,"English",10,0,1,1,5,1,NA,NA,NA,NA,NA,NA,NA,NA,NA,NA,NA,NA,NA,NA,NA,NA,NA,NA,NA,NA,NA,"English",1,1,0,3,NA,NA,NA,NA,NA,NA,NA,NA,NA,NA,NA,NA,NA,NA,NA,"English","English","English","English","English","English","English","English","English","English","English","English","English","English","English","English","English",100,NA,NA,NA,NA,NA,NA,NA,"No"
"5600",25,"Male","English",NA,NA,NA,"English",0,0,0,0,25,NA,NA,NA,NA,NA,NA,NA,NA,NA,NA,NA,NA,NA,NA,NA,NA,NA,NA,NA,NA,NA,NA,NA,NA,NA,NA,NA,NA,NA,NA,NA,NA,NA,NA,NA,NA,NA,NA,NA,NA,NA,NA,NA,NA,NA,NA,NA,NA,NA,NA,"English",0,0,0,0,0,0,NA,NA,NA,NA,NA,NA,NA,NA,NA,NA,NA,NA,NA,NA,NA,NA,NA,NA,NA,NA,NA,"English",NA,NA,"English",NA,NA,"English",NA,NA,NA,NA,NA,NA,NA,NA,NA,NA,NA,"English",7,7,7,7,NA,NA,NA,NA,NA,NA,NA,NA,NA,NA,NA,NA,NA,NA,NA,"English",5,3,3,0,3,0,NA,NA,NA,NA,NA,NA,NA,NA,NA,NA,NA,NA,NA,NA,NA,NA,NA,NA,NA,NA,NA,"English",5,5,0,0,NA,NA,NA,NA,NA,NA,NA,NA,NA,NA,NA,NA,NA,NA,NA,"English","English","English","English","English","English","English","English",NA,NA,NA,NA,"English","English","English","English","English",100,NA,NA,NA,NA,NA,NA,"Not at this time","No"
"5458",32,"Female","English",NA,NA,NA,"English",0,0,4,4,32,NA,NA,NA,NA,NA,NA,NA,NA,NA,NA,NA,NA,NA,NA,NA,NA,NA,NA,NA,NA,NA,NA,NA,NA,NA,NA,NA,NA,NA,NA,NA,NA,NA,NA,NA,NA,NA,NA,NA,NA,NA,NA,NA,NA,NA,NA,NA,NA,NA,NA,"English",0,4,4,17,NA,15,NA,NA,NA,NA,NA,NA,NA,NA,NA,NA,NA,NA,NA,NA,NA,NA,NA,NA,NA,NA,NA,"English",NA,NA,"English",NA,NA,"English",NA,NA,"English",NA,NA,NA,NA,NA,NA,NA,NA,"English",7,6,7,6,NA,NA,NA,NA,NA,NA,NA,NA,NA,NA,NA,NA,NA,NA,NA,"English",3,0,1,1,1,1,NA,NA,NA,NA,NA,NA,NA,NA,NA,NA,NA,NA,NA,NA,NA,NA,NA,NA,NA,NA,NA,"English",3,1,NA,6,NA,NA,NA,NA,NA,NA,NA,NA,NA,NA,NA,NA,NA,NA,NA,"English","English","English","English",NA,NA,NA,NA,"English","English","English","English","English","English","English","English","English",100,NA,NA,NA,NA,NA,NA,"I have only learned English","no"
"5570",21,"Female","engligh",NA,NA,NA,"engligh",0,1,1,4,21,NA,NA,NA,NA,NA,NA,NA,NA,NA,NA,NA,NA,NA,NA,NA,NA,NA,NA,"united kingdom","4 months","english",7,NA,NA,NA,NA,NA,NA,NA,NA,NA,NA,NA,NA,NA,NA,NA,NA,NA,NA,NA,NA,NA,NA,NA,NA,NA,NA,NA,NA,"engligh",0,3,5,16,NA,NA,NA,NA,NA,NA,NA,NA,NA,NA,NA,NA,NA,NA,NA,NA,NA,NA,NA,NA,NA,NA,NA,"english",NA,0,"english",NA,0,"english",NA,0,"english",NA,NA,NA,NA,NA,NA,NA,NA,"engligh",7,7,7,7,NA,NA,NA,NA,NA,NA,NA,NA,NA,NA,NA,NA,NA,NA,NA,"engligh",2,0,5,4,10,5,NA,NA,NA,NA,NA,NA,NA,NA,NA,NA,NA,NA,NA,NA,NA,NA,NA,NA,NA,NA,NA,"engligh",1,2,2,4,NA,NA,NA,NA,NA,NA,NA,NA,NA,NA,NA,NA,NA,NA,NA,"engligh","engligh","engligh","engligh","engligh","engligh","engligh","engligh","engligh","engligh","engligh","engligh","engligh","engligh","engligh","engligh","engligh",95,NA,NA,NA,NA,NA,NA,NA,"no"
"5426",21,"Male","English","spanish",NA,NA,"English",0,0,0,0,21,"spanish",14,14,14,14,3,NA,NA,NA,NA,NA,NA,NA,NA,NA,NA,NA,NA,NA,NA,NA,NA,NA,NA,NA,NA,NA,NA,NA,NA,NA,NA,NA,NA,"spanish",NA,"classroom_instruction",NA,NA,NA,NA,NA,NA,NA,NA,NA,NA,NA,NA,NA,"English",0,0,0,0,0,0,"spanish",NA,NA,14,NA,NA,NA,NA,NA,NA,NA,NA,NA,NA,NA,NA,NA,NA,NA,NA,NA,"English",NA,NA,"English",NA,NA,"English",NA,NA,"English",NA,NA,NA,NA,NA,NA,NA,NA,"English",7,7,7,7,"spanish",2,2,2,2,NA,NA,NA,NA,NA,NA,NA,NA,NA,NA,"English",2,0,1,4,4,4,"spanish",0,0,0,0,0,0,NA,NA,NA,NA,NA,NA,NA,NA,NA,NA,NA,NA,NA,NA,"English",3,6,2,2,"spanish",0,0,0,0,NA,NA,NA,NA,NA,NA,NA,NA,NA,NA,"English","English","English","English","English","English","English","English","English","English","English","English","English","English","English","English","English",99,"spanish",1,NA,NA,NA,NA,NA,NA
"5541",29,"Female","English (native)","Spanish","Latin",NA,"English (native)",0,2,4,4,29,"Spanish",5,5,5,5,6,"Latin",17,17,17,17,1,NA,NA,NA,NA,NA,NA,NA,NA,NA,NA,NA,NA,NA,NA,NA,NA,NA,NA,NA,NA,NA,NA,"Spanish",NA,"classroom_instruction","self_learning","Latin",NA,"classroom_instruction","self_learning",NA,NA,NA,NA,NA,NA,NA,NA,"English (native)",0,4,4,16,NA,16,"Spanish",NA,NA,4,21,16,NA,"Latin",NA,NA,17,NA,17,NA,NA,NA,NA,NA,NA,NA,NA,"English",NA,NA,"English",NA,0,"English",NA,NA,"English",NA,NA,NA,NA,NA,NA,NA,NA,"English (native)",7,7,7,7,"Spanish",3,2,3,1,"Latin",2,3,3,2,NA,NA,NA,NA,NA,"English (native)",2,2,0,0,1,0,"Spanish",0,0,0,0,0,0,"Latin",0,0,0,0,0,0,NA,NA,NA,NA,NA,NA,NA,"English (native)",8,0,NA,NA,"Spanish",0,0,NA,NA,"Latin",0,0,NA,NA,NA,NA,NA,NA,NA,"English (native)","English (native)","English (native)","English (native)",NA,NA,NA,NA,NA,NA,NA,NA,"English (native)","English (native)","English (native)","English (native)","English (native)",100,"Spanish",40,"Latin",0,NA,NA,"To clarify my answers, I started studying spanish as a young child in school, but it was a dedicated spanish class-not a bilingual school. I stopped in middle school taking spanish class, and picked it up for another year in highschool. I'm not fluent, I'm really bad at spanish, but living in my community it is a really common language demographically around me. As a nurse I had to brush up on key spanish questions/phrases to understand my patients in emergency situations and encountered it alot, but I haven't worked for some time now and don't use it anymore.","No"
"5717",28,"Female","English","Spanish","Italian",NA,"English",0,0,3,4,28,"Spanish",4,14,14,14,15,"Italian",3,3,3,3,3,NA,NA,NA,NA,NA,NA,NA,NA,NA,NA,NA,NA,NA,NA,NA,NA,NA,NA,NA,NA,NA,NA,"Spanish",NA,"classroom_instruction",NA,"Italian",NA,"classroom_instruction","self_learning",NA,NA,NA,NA,NA,NA,NA,NA,"English",0,2,5,18,NA,NA,"Spanish",NA,NA,NA,NA,NA,NA,"Italian",NA,NA,NA,NA,NA,NA,NA,NA,NA,NA,NA,NA,NA,"English",NA,0,"English",NA,0,"English",NA,0,"English",NA,0,NA,NA,NA,NA,NA,NA,"English",7,7,7,7,"Spanish",5,3,5,4,"Italian",4,3,3,2,NA,NA,NA,NA,NA,"English",1,0,1,0,2,3,"Spanish",0,0,0,0,0,0,"Italian",0,0,0,0,0,0,NA,NA,NA,NA,NA,NA,NA,"English",2,1,0,3,"Spanish",0,0,0,0,"Italian",0,0,0,0,NA,NA,NA,NA,NA,"English","English","English","English","English","English","English","English","English","English","English","English","English","English","English","English","English",100,"Spanish",0,"Italian",0,NA,NA,NA,NA
"5608",18,"Female","English",NA,NA,NA,"English",0,0,4,4,18,NA,NA,NA,NA,NA,NA,NA,NA,NA,NA,NA,NA,NA,NA,NA,NA,NA,NA,NA,NA,NA,NA,NA,NA,NA,NA,NA,NA,NA,NA,NA,NA,NA,NA,NA,NA,NA,NA,NA,NA,NA,NA,NA,NA,NA,NA,NA,NA,NA,NA,"English",0,0,0,0,0,0,NA,NA,NA,NA,NA,NA,NA,NA,NA,NA,NA,NA,NA,NA,NA,NA,NA,NA,NA,NA,NA,"English",NA,NA,"English",NA,NA,"English",NA,NA,NA,NA,NA,NA,NA,NA,NA,NA,NA,"English",7,7,7,7,NA,NA,NA,NA,NA,NA,NA,NA,NA,NA,NA,NA,NA,NA,NA,"English",3,2,1,1,6,1,NA,NA,NA,NA,NA,NA,NA,NA,NA,NA,NA,NA,NA,NA,NA,NA,NA,NA,NA,NA,NA,"English",1,4,NA,8,NA,NA,NA,NA,NA,NA,NA,NA,NA,NA,NA,NA,NA,NA,NA,"English","English","English","English","English","English","English","English","English","English","English","English","English","English","English","English","English",100,NA,NA,NA,NA,NA,NA,"I have been speaking English since birth along with my family and friends.",NA
"5627",23,"Female","English","Spanish","Japanese","French","English",0,1,3,3,23,"Spanish",3,NA,NA,NA,23,"Japanese",12,13,13,13,10,"French",15,15,15,15,4,NA,NA,NA,NA,NA,NA,NA,NA,NA,NA,NA,NA,NA,NA,NA,NA,"Spanish","immersion",NA,NA,"Japanese",NA,"classroom_instruction","self_learning","French",NA,"classroom_instruction",NA,NA,NA,NA,NA,"English",0,3,3,23,NA,18,"Spanish",NA,3,3,NA,NA,NA,"Japanese",12,15,15,NA,NA,NA,"French",NA,NA,15,NA,NA,NA,"English",NA,NA,"English",NA,NA,"English","French",1,"English",NA,NA,NA,NA,NA,NA,NA,NA,"English",7,7,7,7,"Spanish",1,1,1,1,"Japanese",3,3,3,1,"French",2,1,1,1,"English",2,0,3,3,5,3,"Spanish",0,0,0,0,1,0,"Japanese",2,0,0,0,1,0,"French",0,0,0,0,0,0,"English",8,3,NA,NA,"Spanish",NA,NA,NA,NA,"Japanese",NA,NA,NA,NA,"French",NA,NA,NA,NA,"English","English","English","English","English","English","English","English","English","English","English","English","English","English","English","English","English",100,"Spanish",50,"Japanese",0,"French",0,"I'm a native English speaker who grew up in a heavily Spanish neighborhood. I've never formally studied Spanish, but I've picked up a few words from hearing it and having friends who spoke it. I studied Japanese through self-study and with a tutor for a few years in middle and high school. I learned French for school for four years through graduation.",NA
"5730",32,"Non-binary","English",NA,NA,NA,"English",0,2,6,6,32,NA,NA,NA,NA,NA,NA,NA,NA,NA,NA,NA,NA,NA,NA,NA,NA,NA,NA,"China","5","English",7,"Thailand",5,"English",7,NA,NA,NA,NA,NA,NA,NA,NA,NA,NA,NA,NA,NA,NA,NA,NA,NA,NA,NA,NA,NA,NA,NA,NA,"English",2,2,5,19,NA,15,NA,NA,NA,NA,NA,NA,NA,NA,NA,NA,NA,NA,NA,NA,NA,NA,NA,NA,NA,NA,NA,"English",NA,NA,"English",NA,NA,"English",NA,0,"English",NA,NA,NA,NA,NA,NA,NA,NA,"English",7,7,7,7,NA,NA,NA,NA,NA,NA,NA,NA,NA,NA,NA,NA,NA,NA,NA,"English",0,1,1,0,8,0,NA,NA,NA,NA,NA,NA,NA,NA,NA,NA,NA,NA,NA,NA,NA,NA,NA,NA,NA,NA,NA,"English",1,5,0,0,NA,NA,NA,NA,NA,NA,NA,NA,NA,NA,NA,NA,NA,NA,NA,"English","English","English","English","English","English","English","English","English","English","English","English","English","English","English","English","English",100,NA,NA,NA,NA,NA,NA,NA,NA
"5768",26,"Male","english","tagalog",NA,NA,"english",0,0,0,0,26,"tagalog",24,24,24,24,2,NA,NA,NA,NA,NA,NA,NA,NA,NA,NA,NA,NA,"Philippines","6","tagalog",2,NA,NA,NA,1,NA,NA,NA,1,NA,NA,NA,1,"tagalog","immersion",NA,"self_learning",NA,NA,NA,NA,NA,NA,NA,NA,NA,NA,NA,NA,"english",0,0,0,0,NA,0,"tagalog",2,2,NA,NA,1,NA,NA,NA,NA,NA,NA,NA,NA,NA,NA,NA,NA,NA,NA,NA,"english",NA,0,"english",NA,NA,"english",NA,0,"english",NA,NA,NA,NA,NA,NA,NA,NA,"english",7,7,7,7,"tagalog",2,1,2,2,NA,NA,NA,NA,NA,NA,NA,NA,NA,NA,"english",2,0,0,2,5,2,"tagalog",0,0,1,0,3,0,NA,NA,NA,NA,NA,NA,NA,NA,NA,NA,NA,NA,NA,NA,"english",1,2,NA,8,"tagalog",1,1,NA,NA,NA,NA,NA,NA,NA,NA,NA,NA,NA,NA,"english","english","english","english","english","english","english","english","english","english","english","english","english","english","english","english","english",95,"tagalog",5,NA,NA,NA,NA,"I am native english speaker and in the process of learning tagalog to better understand my girlfriend","no"
"5592",40,"Female","english",NA,NA,NA,"english",0,0,0,0,40,NA,NA,NA,NA,NA,NA,NA,NA,NA,NA,NA,NA,NA,NA,NA,NA,NA,NA,NA,NA,NA,NA,NA,NA,NA,NA,NA,NA,NA,NA,NA,NA,NA,NA,NA,NA,NA,NA,NA,NA,NA,NA,NA,NA,NA,NA,NA,NA,NA,NA,"english",0,0,5,13,20,15,NA,NA,NA,NA,NA,NA,NA,NA,NA,NA,NA,NA,NA,NA,NA,NA,NA,NA,NA,NA,NA,"English",NA,NA,"English",NA,NA,"English",NA,NA,"English",NA,NA,NA,NA,NA,NA,NA,NA,"english",7,7,7,7,NA,NA,NA,NA,NA,NA,NA,NA,NA,NA,NA,NA,NA,NA,NA,"english",1,1,1,0,10,5,NA,NA,NA,NA,NA,NA,NA,NA,NA,NA,NA,NA,NA,NA,NA,NA,NA,NA,NA,NA,NA,"english",6,1,0,1,NA,NA,NA,NA,NA,NA,NA,NA,NA,NA,NA,NA,NA,NA,NA,"english","english","english","english","english","english","english","english","english","english","english","english","english","english","english","english","english",100,NA,NA,NA,NA,NA,NA,NA,NA
"5787",33,"Male","English",NA,NA,NA,"English",0,2,4,5,33,NA,NA,NA,NA,NA,NA,NA,NA,NA,NA,NA,NA,NA,NA,NA,NA,NA,NA,NA,NA,NA,NA,NA,NA,NA,NA,NA,NA,NA,NA,NA,NA,NA,NA,NA,NA,NA,NA,NA,NA,NA,NA,NA,NA,NA,NA,NA,NA,NA,NA,"English",3,3,5,24,NA,12,NA,NA,NA,NA,NA,NA,NA,NA,NA,NA,NA,NA,NA,NA,NA,NA,NA,NA,NA,NA,NA,"English",NA,0,"English",NA,0,"English",NA,0,"English",NA,0,NA,NA,0,NA,NA,NA,"English",7,7,7,7,NA,NA,NA,NA,NA,NA,NA,NA,NA,NA,NA,NA,NA,NA,NA,"English",1,0,0,2,6,1,NA,NA,NA,NA,NA,NA,NA,NA,NA,NA,NA,NA,NA,NA,NA,NA,NA,NA,NA,NA,NA,"English",5,5,0,14,NA,NA,NA,NA,NA,NA,NA,NA,NA,NA,NA,NA,NA,NA,NA,"English","English","English","English","English","English","English","English","English","English","English","English","English","English","English","English","English",100,NA,NA,NA,NA,NA,NA,NA,NA
"5710",26,"Female","English",NA,NA,NA,"English",0,0,0,0,26,NA,NA,NA,NA,NA,NA,NA,NA,NA,NA,NA,NA,NA,NA,NA,NA,NA,NA,NA,NA,NA,NA,NA,NA,NA,NA,NA,NA,NA,NA,NA,NA,NA,NA,NA,NA,NA,NA,NA,NA,NA,NA,NA,NA,NA,NA,NA,NA,NA,NA,"English",0,0,0,0,0,0,NA,NA,NA,NA,NA,NA,NA,NA,NA,NA,NA,NA,NA,NA,NA,NA,NA,NA,NA,NA,NA,"English",NA,NA,"English",NA,NA,"English",NA,NA,"English",NA,NA,NA,NA,NA,NA,NA,NA,"English",7,7,7,7,NA,NA,NA,NA,NA,NA,NA,NA,NA,NA,NA,NA,NA,NA,NA,"English",3,0,0,8,6,1,NA,NA,NA,NA,NA,NA,NA,NA,NA,NA,NA,NA,NA,NA,NA,NA,NA,NA,NA,NA,NA,"English",8,2,NA,3,NA,NA,NA,NA,NA,NA,NA,NA,NA,NA,NA,NA,NA,NA,NA,"English","English","English","English",NA,NA,NA,NA,"English","English","English","English","English","English","English","English","English",100,NA,NA,NA,NA,NA,NA,NA,NA
"5816",39,"Male","English","French",NA,NA,"English",0,1,5,5,39,"French",12,12,0,0,0,NA,NA,NA,NA,NA,NA,NA,NA,NA,NA,NA,NA,"Germany","3","English",7,NA,NA,NA,NA,NA,NA,NA,NA,NA,NA,NA,NA,"French",NA,"classroom_instruction",NA,NA,NA,NA,NA,NA,NA,NA,NA,NA,NA,NA,NA,"English",0,0,4,14,NA,14,"French",12,12,12,NA,12,NA,NA,NA,NA,NA,NA,NA,NA,NA,NA,NA,NA,NA,NA,NA,"English",NA,NA,"English",NA,NA,"English",NA,NA,"English",NA,NA,NA,NA,NA,NA,NA,NA,"English",7,7,7,7,"French",1,1,1,1,NA,NA,NA,NA,NA,NA,NA,NA,NA,NA,"English",2,0,2,3,3,0,"French",0,0,0,0,0,0,NA,NA,NA,NA,NA,NA,NA,NA,NA,NA,NA,NA,NA,NA,"English",3,1,0,0,"French",0,0,0,0,NA,NA,NA,NA,NA,NA,NA,NA,NA,NA,"English","English","English","English","English","English","English","English","English","English","English","English","English","English","English","English","English",100,"French",0,NA,NA,NA,NA,"none",NA
"5838",37,"Male","english",NA,NA,NA,"english",0,0,0,0,37,NA,NA,NA,NA,NA,NA,NA,NA,NA,NA,NA,NA,NA,NA,NA,NA,NA,NA,NA,NA,NA,NA,NA,NA,NA,NA,NA,NA,NA,NA,NA,NA,NA,NA,NA,NA,NA,NA,NA,NA,NA,NA,NA,NA,NA,NA,NA,NA,NA,NA,"english",1,2,2,37,NA,15,NA,NA,NA,NA,NA,NA,NA,NA,NA,NA,NA,NA,NA,NA,NA,NA,NA,NA,NA,NA,NA,"English",NA,NA,"English",NA,NA,"English",NA,NA,NA,NA,NA,NA,NA,NA,NA,NA,NA,"english",7,7,7,4,NA,NA,NA,NA,NA,NA,NA,NA,NA,NA,NA,NA,NA,NA,NA,"english",0,0,4,4,1,0,NA,NA,NA,NA,NA,NA,NA,NA,NA,NA,NA,NA,NA,NA,NA,NA,NA,NA,NA,NA,NA,"english",1,5,0,1,NA,NA,NA,NA,NA,NA,NA,NA,NA,NA,NA,NA,NA,NA,NA,"english","english","english","english",NA,NA,NA,NA,NA,NA,NA,NA,NA,NA,NA,NA,"english",100,NA,NA,NA,NA,NA,NA,NA,NA
"5837",32,"Male","English",NA,NA,NA,"English",0,2,4,4,32,NA,NA,NA,NA,NA,NA,NA,NA,NA,NA,NA,NA,NA,NA,NA,NA,NA,NA,"United Kingdom","2","English",7,NA,NA,NA,1,NA,NA,NA,1,NA,NA,NA,1,NA,NA,NA,NA,NA,NA,NA,NA,NA,NA,NA,NA,NA,NA,NA,NA,"English",0,4,5,18,NA,18,NA,NA,NA,NA,NA,NA,NA,NA,NA,NA,NA,NA,NA,NA,NA,NA,NA,NA,NA,NA,NA,"English",NA,NA,"English",NA,NA,"English",NA,NA,"English",NA,NA,"English",NA,NA,NA,NA,NA,"English",7,7,7,7,NA,NA,NA,NA,NA,NA,NA,NA,NA,NA,NA,NA,NA,NA,NA,"English",2,1,3,4,2,4,NA,NA,NA,NA,NA,NA,NA,NA,NA,NA,NA,NA,NA,NA,NA,NA,NA,NA,NA,NA,NA,"English",3,2,NA,8,NA,NA,NA,NA,NA,NA,NA,NA,NA,NA,NA,NA,NA,NA,NA,"English","English","English","English",NA,NA,NA,NA,"English","English","English","English","English","English","English","English","English",100,NA,NA,NA,NA,NA,NA,NA,NA
"5737",36,"Male","English",NA,NA,NA,"English",0,1,5,5,36,NA,NA,NA,NA,NA,NA,NA,NA,NA,NA,NA,NA,NA,NA,NA,NA,NA,NA,NA,NA,NA,NA,NA,NA,NA,NA,NA,NA,NA,NA,NA,NA,NA,NA,NA,NA,NA,NA,NA,NA,NA,NA,NA,NA,NA,NA,NA,NA,NA,NA,"English",1,4,3,18,NA,NA,NA,NA,NA,NA,NA,NA,NA,NA,NA,NA,NA,NA,NA,NA,NA,NA,NA,NA,NA,NA,NA,"English",NA,NA,"English",NA,NA,"English",NA,NA,NA,NA,NA,NA,NA,NA,NA,NA,NA,"English",7,7,7,7,NA,NA,NA,NA,NA,NA,NA,NA,NA,NA,NA,NA,NA,NA,NA,"English",1,0,0,0,6,0,NA,NA,NA,NA,NA,NA,NA,NA,NA,NA,NA,NA,NA,NA,NA,NA,NA,NA,NA,NA,NA,"English",1,0,NA,0,NA,NA,NA,NA,NA,NA,NA,NA,NA,NA,NA,NA,NA,NA,NA,"English","English","English","English",NA,NA,NA,NA,NA,NA,NA,NA,"English","English","English","English","English",100,NA,NA,NA,NA,NA,NA,"I have nothing further to add.","No"
"6045",39,"Female","English",NA,NA,NA,"English",0,0,0,0,39,NA,NA,NA,NA,NA,NA,NA,NA,NA,NA,NA,NA,NA,NA,NA,NA,NA,NA,NA,NA,NA,NA,NA,NA,NA,NA,NA,NA,NA,NA,NA,NA,NA,NA,NA,NA,NA,NA,NA,NA,NA,NA,NA,NA,NA,NA,NA,NA,NA,NA,"English",0,0,0,0,0,0,NA,NA,NA,NA,NA,NA,NA,NA,NA,NA,NA,NA,NA,NA,NA,NA,NA,NA,NA,NA,NA,"English",NA,0,"English",NA,0,"English",NA,NA,"English",NA,0,NA,NA,NA,NA,NA,NA,"English",7,7,7,7,NA,NA,NA,NA,NA,NA,NA,NA,NA,NA,NA,NA,NA,NA,NA,"English",8,4,1,1,3,2,NA,NA,NA,NA,NA,NA,NA,NA,NA,NA,NA,NA,NA,NA,NA,NA,NA,NA,NA,NA,NA,"English",3,3,3,3,NA,NA,NA,NA,NA,NA,NA,NA,NA,NA,NA,NA,NA,NA,NA,"English","English","English","English","English",NA,"English","English","English","English","English","English","English","English","English","English","English",100,NA,NA,NA,NA,NA,NA,NA,NA
"6108",27,"Male","English","Spanish",NA,NA,"English",0,0,0,0,27,"Spanish",11,11,11,11,16,NA,NA,NA,NA,NA,NA,NA,NA,NA,NA,NA,NA,"Colombia","36",NA,7,NA,NA,NA,NA,NA,NA,NA,NA,NA,NA,NA,NA,"Spanish","immersion","classroom_instruction","self_learning",NA,NA,NA,NA,NA,NA,NA,NA,NA,NA,NA,NA,"English",0,0,0,0,0,0,"Spanish",NA,18,11,24,NA,NA,NA,NA,NA,NA,NA,NA,NA,NA,NA,NA,NA,NA,NA,NA,"English",NA,NA,"English",NA,NA,"English",NA,NA,"English",NA,NA,"English",NA,NA,NA,NA,NA,"English",7,7,7,7,"Spanish",5,6,5,5,NA,NA,NA,NA,NA,NA,NA,NA,NA,NA,"English",2,0.5,0.5,3,1.5,2,"Spanish",0,0,0,2,1,1,NA,NA,NA,NA,NA,NA,NA,NA,NA,NA,NA,NA,NA,NA,"English",1,2,NA,1,"Spanish",NA,1,NA,1,NA,NA,NA,NA,NA,NA,NA,NA,NA,NA,"English","English","English","English","English","English","English","English","English","English","English","English","English","English","English","English","English",95,"Spanish",25,NA,NA,NA,NA,NA,NA
"5613",30,"Male","English",NA,NA,NA,"English",0,0,0,0,30,NA,NA,NA,NA,NA,NA,NA,NA,NA,NA,NA,NA,NA,NA,NA,NA,NA,NA,NA,NA,NA,NA,NA,NA,NA,NA,NA,NA,NA,NA,NA,NA,NA,NA,NA,NA,NA,NA,NA,NA,NA,NA,NA,NA,NA,NA,NA,NA,NA,NA,"English",0,0,5,18,18,14,NA,NA,NA,NA,NA,NA,NA,NA,NA,NA,NA,NA,NA,NA,NA,NA,NA,NA,NA,NA,NA,"English",NA,NA,"English",NA,NA,"English",NA,NA,"English",NA,NA,"English",NA,NA,NA,NA,NA,"English",7,7,7,7,NA,NA,NA,NA,NA,NA,NA,NA,NA,NA,NA,NA,NA,NA,NA,"English",1,1,1,2,4,1,NA,NA,NA,NA,NA,NA,NA,NA,NA,NA,NA,NA,NA,NA,NA,NA,NA,NA,NA,NA,NA,"English",3,3,NA,3,NA,NA,NA,NA,NA,NA,NA,NA,NA,NA,NA,NA,NA,NA,NA,"English","English","English","English","English","English","English","English","English","English","English","English","English","English","English","English","English",85,NA,NA,NA,NA,NA,NA,NA,NA
"6131",35,"Male","English",NA,NA,NA,"English",0,0,5,5,35,NA,NA,NA,NA,NA,NA,NA,NA,NA,NA,NA,NA,NA,NA,NA,NA,NA,NA,NA,NA,NA,NA,NA,NA,NA,NA,NA,NA,NA,NA,NA,NA,NA,NA,NA,NA,NA,NA,NA,NA,NA,NA,NA,NA,NA,NA,NA,NA,NA,NA,"English",0,0,5,18,10,16,NA,NA,NA,NA,NA,NA,NA,NA,NA,NA,NA,NA,NA,NA,NA,NA,NA,NA,NA,NA,NA,NA,NA,NA,NA,NA,NA,NA,NA,NA,NA,NA,NA,NA,NA,NA,NA,NA,NA,"English",7,7,7,7,NA,NA,NA,NA,NA,NA,NA,NA,NA,NA,NA,NA,NA,NA,NA,"English",4,2,1,5,5,1,NA,NA,NA,NA,NA,NA,NA,NA,NA,NA,NA,NA,NA,NA,NA,NA,NA,NA,NA,NA,NA,"English",1,5,0,0,NA,NA,NA,NA,NA,NA,NA,NA,NA,NA,NA,NA,NA,NA,NA,"English","English","English","English",NA,NA,NA,NA,"English","English","English","English","English","English","English","English","English",100,NA,NA,NA,NA,NA,NA,NA,"ebonics. I don't use it anymore."
"5904",37,"Female","English",NA,NA,NA,"English",0,0,0,0,37,NA,NA,NA,NA,NA,NA,NA,NA,NA,NA,NA,NA,NA,NA,NA,NA,NA,NA,NA,NA,NA,NA,NA,NA,NA,NA,NA,NA,NA,NA,NA,NA,NA,NA,NA,NA,NA,NA,NA,NA,NA,NA,NA,NA,NA,NA,NA,NA,NA,NA,"English",0,0,5,14,0,18,NA,NA,NA,NA,NA,NA,NA,NA,NA,NA,NA,NA,NA,NA,NA,NA,NA,NA,NA,NA,NA,NA,NA,NA,NA,NA,NA,NA,NA,NA,NA,NA,NA,NA,NA,NA,NA,NA,NA,"English",7,7,7,7,NA,NA,NA,NA,NA,NA,NA,NA,NA,NA,NA,NA,NA,NA,NA,"English",2,0,0,0,2,1,NA,NA,NA,NA,NA,NA,NA,NA,NA,NA,NA,NA,NA,NA,NA,NA,NA,NA,NA,NA,NA,"English",1,1,0,1,NA,NA,NA,NA,NA,NA,NA,NA,NA,NA,NA,NA,NA,NA,NA,"English","English","English","English","English","English","English","English","English","English","English","English","English","English","English","English","English",100,NA,NA,NA,NA,NA,NA,NA,NA
"5695",38,"Male","English",NA,NA,NA,"English",1,1,3,5,38,NA,NA,NA,NA,NA,NA,NA,NA,NA,NA,NA,NA,NA,NA,NA,NA,NA,NA,"United States of America","456","English",7,NA,NA,NA,1,NA,NA,NA,1,NA,NA,NA,1,NA,NA,NA,NA,NA,NA,NA,NA,NA,NA,NA,NA,NA,NA,NA,NA,"English",0,2,3,20,5,13,NA,NA,NA,NA,NA,NA,NA,NA,NA,NA,NA,NA,NA,NA,NA,NA,NA,NA,NA,NA,NA,"English",NA,NA,"English",NA,NA,"English",NA,NA,"English",NA,NA,"English",NA,NA,NA,NA,NA,"English",7,7,7,7,NA,NA,NA,NA,NA,NA,NA,NA,NA,NA,NA,NA,NA,NA,NA,"English",4,1,2,3,3,3,NA,NA,NA,NA,NA,NA,NA,NA,NA,NA,NA,NA,NA,NA,NA,NA,NA,NA,NA,NA,NA,"English",16,6,NA,10,NA,NA,NA,NA,NA,NA,NA,NA,NA,NA,NA,NA,NA,NA,NA,"English","English","English","English","English","English","English","English","English","English","English","English","English","English","English","English","English",100,NA,NA,NA,NA,NA,NA,NA,NA
"6106",40,"Male","english","spanish",NA,NA,"english",0,0,0,0,40,"spanish",5,5,10,10,30,NA,NA,NA,NA,NA,NA,NA,NA,NA,NA,NA,NA,NA,NA,NA,NA,NA,NA,NA,NA,NA,NA,NA,NA,NA,NA,NA,NA,"spanish",NA,"classroom_instruction","self_learning",NA,NA,NA,NA,NA,NA,NA,NA,NA,NA,NA,NA,"english",0,0,5,18,0,12,"spanish",10,10,10,18,0,0,NA,NA,NA,NA,NA,NA,NA,NA,NA,NA,NA,NA,NA,NA,"english",NA,NA,"english",NA,NA,"english",NA,NA,NA,NA,NA,NA,NA,NA,NA,NA,NA,"english",7,7,7,7,"spanish",7,4,4,4,NA,NA,NA,NA,NA,NA,NA,NA,NA,NA,"english",2,0,1,1,1,0,"spanish",0,0,0,0,1,0,NA,NA,NA,NA,NA,NA,NA,NA,NA,NA,NA,NA,NA,NA,"english",0,1,0,5,"spanish",0,0,0,1,NA,NA,NA,NA,NA,NA,NA,NA,NA,NA,"english","english","english","english","english","english","english","english","english","english","english","english","english","english","english","english","english",100,"spanish",20,NA,NA,NA,NA,NA,NA
"5617",30,"Male","English",NA,NA,NA,"English",0,0,0,0,30,NA,NA,NA,NA,NA,NA,NA,NA,NA,NA,NA,NA,NA,NA,NA,NA,NA,NA,NA,NA,NA,NA,NA,NA,NA,NA,NA,NA,NA,NA,NA,NA,NA,NA,NA,NA,NA,NA,NA,NA,NA,NA,NA,NA,NA,NA,NA,NA,NA,NA,"English",0,0,6,18,20,12,NA,NA,NA,NA,NA,NA,NA,NA,NA,NA,NA,NA,NA,NA,NA,NA,NA,NA,NA,NA,NA,"English",NA,NA,"English",NA,NA,"English",NA,NA,"English",NA,NA,"English",NA,NA,NA,NA,NA,"English",7,7,7,7,NA,NA,NA,NA,NA,NA,NA,NA,NA,NA,NA,NA,NA,NA,NA,"English",2,1,1,1,3,1,NA,NA,NA,NA,NA,NA,NA,NA,NA,NA,NA,NA,NA,NA,NA,NA,NA,NA,NA,NA,NA,"English",3,2,NA,3,NA,NA,NA,NA,NA,NA,NA,NA,NA,NA,NA,NA,NA,NA,NA,"English","English","English","English","English","English","English","English","English","English","English","English","English","English","English","English","English",90,NA,NA,NA,NA,NA,NA,NA,NA
"6034",35,"Female","English","Spanish",NA,NA,"English",0,0,0,0,36,"Spanish",0,3,15,15,10,NA,NA,NA,NA,NA,NA,NA,NA,NA,NA,NA,NA,NA,NA,NA,NA,NA,NA,NA,NA,NA,NA,NA,NA,NA,NA,NA,NA,"Spanish","immersion","classroom_instruction","self_learning",NA,NA,NA,NA,NA,NA,NA,NA,NA,NA,NA,NA,"English",0,0,0,0,0,0,"Spanish",0,15,15,0,36,0,NA,NA,NA,NA,NA,NA,NA,NA,NA,NA,NA,NA,NA,NA,"English",NA,NA,"English",NA,NA,"English",NA,NA,"English",NA,NA,NA,NA,NA,NA,NA,NA,"English",6,7,7,7,"Spanish",3,2,2,2,NA,NA,NA,NA,NA,NA,NA,NA,NA,NA,"English",1,0,2,8,0,8,"Spanish",0,0,0,0,0,0,NA,NA,NA,NA,NA,NA,NA,NA,NA,NA,NA,NA,NA,NA,"English",2,1,0,8,"Spanish",0,0,0,0,NA,NA,NA,NA,NA,NA,NA,NA,NA,NA,"English","English","English","English",NA,NA,NA,NA,"English","English","English","English","English","English","English","English","English",100,"Spanish",0,NA,NA,NA,NA,NA,NA
"6203",25,"Female","English","Spanish",NA,NA,"English",0,0,3,3,25,"Spanish",5,14,14,14,11,NA,NA,NA,NA,NA,NA,NA,NA,NA,NA,NA,NA,NA,NA,NA,NA,NA,NA,NA,NA,NA,NA,NA,NA,NA,NA,NA,NA,"Spanish","immersion","classroom_instruction","self_learning",NA,NA,NA,NA,NA,NA,NA,NA,NA,NA,NA,NA,"English",0,0,0,0,0,0,"Spanish",10,NA,14,NA,NA,NA,NA,NA,NA,NA,NA,NA,NA,NA,NA,NA,NA,NA,NA,NA,"English",NA,NA,"English",NA,NA,"English",NA,NA,"English",NA,NA,"English",NA,NA,NA,NA,NA,"English",7,7,7,7,"Spanish",4,3,3,3,NA,NA,NA,NA,NA,NA,NA,NA,NA,NA,"English",3,0,1,1,3,4,"Spanish",0,0,0,0,1,0,NA,NA,NA,NA,NA,NA,NA,NA,NA,NA,NA,NA,NA,NA,"English",3,3,1,4,"Spanish",0,0,0,0,NA,NA,NA,NA,NA,NA,NA,NA,NA,NA,"English","English","English","English","English","English","English","English","English","English","English","English","English","English","English","English","English",90,"Spanish",10,NA,NA,NA,NA,"My ability to understand Spanish is better than my speaking and writing abilities.  I typically only use English daily, and I have goals to improve my Spanish. ","Mexican Spanish, 100% of the time "
"6085",39,"Female","english","spanish",NA,NA,"english",0,1,4,4,39,"spanish",14,14,14,14,3,NA,NA,NA,NA,NA,NA,NA,NA,NA,NA,NA,NA,NA,NA,NA,NA,NA,NA,NA,NA,NA,NA,NA,NA,NA,NA,NA,NA,"spanish",NA,"classroom_instruction",NA,NA,NA,NA,NA,NA,NA,NA,NA,NA,NA,NA,NA,"english",0,3,3,16,NA,NA,"spanish",NA,NA,14,NA,NA,NA,NA,NA,NA,NA,NA,NA,NA,NA,NA,NA,NA,NA,NA,NA,"english",NA,NA,"english",NA,NA,"english",NA,NA,NA,NA,NA,NA,NA,NA,NA,NA,NA,"english",6,6,7,6,"spanish",2,2,1,1,NA,NA,NA,NA,NA,NA,NA,NA,NA,NA,"english",1,0,1,0,3,0,"spanish",0,0,0,0,0,0,NA,NA,NA,NA,NA,NA,NA,NA,NA,NA,NA,NA,NA,NA,"english",10,2,0,8,"spanish",0,0,0,0,NA,NA,NA,NA,NA,NA,NA,NA,NA,NA,"english","english","english","english",NA,NA,NA,NA,"english","english","english","english","english","english","english","english","english",95,"spanish",5,NA,NA,NA,NA,"I can not think of anything else to add, thank you.","I do not use any additonal dialects."
"6015",36,"Male","English",NA,NA,NA,"English",0,0,0,0,36,NA,NA,NA,NA,NA,NA,NA,NA,NA,NA,NA,NA,NA,NA,NA,NA,NA,NA,NA,NA,NA,NA,NA,NA,NA,NA,NA,NA,NA,NA,NA,NA,NA,NA,NA,NA,NA,NA,NA,NA,NA,NA,NA,NA,NA,NA,NA,NA,NA,NA,"English",0,0,0,0,NA,0,NA,NA,NA,NA,NA,NA,NA,NA,NA,NA,NA,NA,NA,NA,NA,NA,NA,NA,NA,NA,NA,"English",NA,NA,"English",NA,0,"English",NA,0,"English",NA,NA,NA,NA,NA,NA,NA,NA,"English",7,7,7,7,NA,NA,NA,NA,NA,NA,NA,NA,NA,NA,NA,NA,NA,NA,NA,"English",1,1,0,0,2,1,NA,NA,NA,NA,NA,NA,NA,NA,NA,NA,NA,NA,NA,NA,NA,NA,NA,NA,NA,NA,NA,"English",3,1,0,2,NA,NA,NA,NA,NA,NA,NA,NA,NA,NA,NA,NA,NA,NA,NA,"English","English","English","English","English","English","English","English","English","English","English","English","English","English","English","English","English",100,NA,NA,NA,NA,NA,NA,NA,NA
"6174",40,"Female","English","Spanish",NA,NA,"English",1,1,4,5,39,"Spanish",15,15,15,15,9,NA,NA,NA,NA,NA,NA,NA,NA,NA,NA,NA,NA,NA,NA,NA,NA,NA,NA,NA,NA,NA,NA,NA,NA,NA,NA,NA,NA,"Spanish",NA,"classroom_instruction",NA,NA,NA,NA,NA,NA,NA,NA,NA,NA,NA,NA,NA,"English",1,3,4,15,NA,NA,"Spanish",16,16,15,NA,NA,NA,NA,NA,NA,NA,NA,NA,NA,NA,NA,NA,NA,NA,NA,NA,"english",NA,NA,"english",NA,NA,NA,NA,1,NA,NA,1,NA,NA,NA,NA,NA,NA,"English",7,7,7,7,"Spanish",4,3,4,4,NA,NA,NA,NA,NA,NA,NA,NA,NA,NA,"English",2,1,1,3,1,2,"Spanish",0,0,0,0,0,0,NA,NA,NA,NA,NA,NA,NA,NA,NA,NA,NA,NA,NA,NA,"English",2,1,1,0,"Spanish",0,0,0,0,NA,NA,NA,NA,NA,NA,NA,NA,NA,NA,"English","English","English","English","English","English","English","English","English","English","English","English","English","English","English","English","English",95,"Spanish",5,NA,NA,NA,NA,"I took several years of spanish in school and practiced with friends, but I am not fluent","no"
"6235",24,"Female","English",NA,NA,NA,"English",0,0,0,0,24,NA,NA,NA,NA,NA,NA,NA,NA,NA,NA,NA,NA,NA,NA,NA,NA,NA,NA,NA,NA,NA,NA,NA,NA,NA,NA,NA,NA,NA,NA,NA,NA,NA,NA,"English",NA,NA,NA,"English",NA,NA,NA,NA,NA,NA,NA,NA,NA,NA,NA,"English",0,0,0,0,0,0,NA,NA,NA,NA,NA,NA,NA,NA,NA,NA,NA,NA,NA,NA,NA,NA,NA,NA,NA,NA,NA,"English",NA,NA,"English",NA,NA,"English",NA,NA,"English",NA,NA,"English",NA,NA,NA,NA,NA,"English",7,7,7,7,NA,NA,NA,NA,NA,NA,NA,NA,NA,NA,NA,NA,NA,NA,NA,"English",2,1,0,1,3,1,NA,NA,NA,NA,NA,NA,NA,NA,NA,NA,NA,NA,NA,NA,NA,NA,NA,NA,NA,NA,NA,"English",5,5,NA,NA,NA,NA,NA,NA,NA,NA,NA,NA,NA,NA,NA,NA,NA,NA,NA,"English","English","English","English","English","English","English","English","English","English","English","English","English","English","English","English","English",100,NA,NA,NA,NA,NA,NA,NA,NA
"6130",32,"Male","English",NA,NA,NA,"English",0,0,0,0,32,NA,NA,NA,NA,NA,NA,NA,NA,NA,NA,NA,NA,NA,NA,NA,NA,NA,NA,NA,NA,NA,NA,NA,NA,NA,NA,NA,NA,NA,NA,NA,NA,NA,NA,NA,NA,NA,NA,NA,NA,NA,NA,NA,NA,NA,NA,NA,NA,NA,NA,"English",0,4,5,18,10,10,NA,NA,NA,NA,NA,NA,NA,NA,NA,NA,NA,NA,NA,NA,NA,NA,NA,NA,NA,NA,NA,"English",NA,NA,"English",NA,NA,"English",NA,NA,"English",NA,NA,"English",NA,NA,NA,NA,NA,"English",7,7,7,7,NA,NA,NA,NA,NA,NA,NA,NA,NA,NA,NA,NA,NA,NA,NA,"English",2,0,0,2,3,2,NA,NA,NA,NA,NA,NA,NA,NA,NA,NA,NA,NA,NA,NA,NA,NA,NA,NA,NA,NA,NA,"English",0,1,0,1,NA,NA,NA,NA,NA,NA,NA,NA,NA,NA,NA,NA,NA,NA,NA,"English","English","English","English","English","English","English","English","English","English","English","English","English","English","English","English","English",100,NA,NA,NA,NA,NA,NA,"I only speak English and have never learned another language besides a few Spanish courses in high school.",NA
"5873",19,"Male","english",NA,NA,NA,"english",0,0,0,0,19,NA,NA,NA,NA,NA,NA,NA,NA,NA,NA,NA,NA,NA,NA,NA,NA,NA,NA,NA,NA,NA,NA,NA,NA,NA,NA,NA,NA,NA,NA,NA,NA,NA,NA,NA,NA,NA,NA,NA,NA,NA,NA,NA,NA,NA,NA,NA,NA,NA,NA,"english",NA,NA,NA,NA,NA,NA,NA,NA,NA,NA,NA,NA,NA,NA,NA,NA,NA,NA,NA,NA,NA,NA,NA,NA,NA,NA,NA,"english",NA,NA,"English",NA,NA,"english",NA,NA,"english",NA,NA,NA,NA,NA,NA,NA,NA,"english",7,7,7,7,NA,NA,NA,NA,NA,NA,NA,NA,NA,NA,NA,NA,NA,NA,NA,"english",2,0,1,4,2,4,NA,NA,NA,NA,NA,NA,NA,NA,NA,NA,NA,NA,NA,NA,NA,NA,NA,NA,NA,NA,NA,"english",4,1,8,4,NA,NA,NA,NA,NA,NA,NA,NA,NA,NA,NA,NA,NA,NA,NA,"english",NA,"english",NA,"english","english","english","english","english","english","english","english","english","english","english","english","english",100,NA,NA,NA,NA,NA,NA,NA,"i use the new yorker accent always"
"6260",37,"Male","English",NA,NA,NA,"English",0,2,4,4,35,NA,NA,NA,NA,NA,NA,NA,NA,NA,NA,NA,NA,NA,NA,NA,NA,NA,NA,NA,NA,NA,NA,NA,NA,NA,NA,NA,NA,NA,NA,NA,NA,NA,NA,NA,NA,NA,NA,NA,NA,NA,NA,NA,NA,NA,NA,NA,NA,NA,NA,"English",0,4,4,12,10,8,NA,NA,NA,NA,NA,NA,NA,NA,NA,NA,NA,NA,NA,NA,NA,NA,NA,NA,NA,NA,NA,"English",NA,NA,"English",NA,NA,"English",NA,NA,"English",NA,NA,"English",NA,NA,NA,NA,NA,"English",7,6,7,6,NA,NA,NA,NA,NA,NA,NA,NA,NA,NA,NA,NA,NA,NA,NA,"English",3,0.5,2,8,2,8,NA,NA,NA,NA,NA,NA,NA,NA,NA,NA,NA,NA,NA,NA,NA,NA,NA,NA,NA,NA,NA,"English",6,18,8,8,NA,NA,NA,NA,NA,NA,NA,NA,NA,NA,NA,NA,NA,NA,NA,"English","English","English","English","English","English","English","English","English","English","English","English","English","English","English","English","English",100,NA,NA,NA,NA,NA,NA,NA,NA
"6509",22,"Male","English","Spanish",NA,NA,"English",0,0,0,0,22,"Spanish",0,0,2,5,10,NA,NA,NA,NA,NA,NA,NA,NA,NA,NA,NA,NA,NA,NA,NA,NA,NA,NA,NA,NA,NA,NA,NA,NA,NA,NA,NA,NA,NA,NA,NA,NA,NA,NA,NA,NA,NA,NA,NA,NA,NA,NA,NA,NA,"English",0,0,0,16,NA,7,"Spanish",0,6,14,NA,NA,NA,NA,NA,NA,NA,NA,NA,NA,NA,NA,NA,NA,NA,NA,NA,"English",NA,NA,"English",NA,NA,"English","Spanish",1,NA,NA,NA,NA,NA,NA,NA,NA,NA,"English",7,7,7,7,"Spanish",6,3,2,2,NA,NA,NA,NA,NA,NA,NA,NA,NA,NA,"English",1,0,2,5,8,5,"Spanish",2,0,0,0,2,0,NA,NA,NA,NA,NA,NA,NA,NA,NA,NA,NA,NA,NA,NA,"English",12,5,2,1,"Spanish",1,0,0,NA,NA,NA,NA,NA,NA,NA,NA,NA,NA,NA,"English","English","English","English","English","English","English","English","English","English","English","English","English","English","English","English","English",75,"Spanish",25,NA,NA,NA,NA,"I grew up speaking Spanish alongside English, but it was mostly my mom who taught me and spoke it with me. As I got older, we started speaking less consistently, and, well, what you don't use ya lose. Now that my mom's gone, I don't really speak or use Spanish at all anymore, at least not on a regular, though I did take a few Spanish classes in high school. But I am what you'd call a receptive bilingual, as I still understand Spanish pretty well if it's spoken to me.",NA
"6660",36,"Female","English","French","Spanish","Swahili","English",0,0,5,5,36,"French",14,14,14,14,7,"Spanish",28,28,28,28,8,"Swahili",27,27,27,27,2,"Guinea","24","French",7,"Kenya",15,"Swahili",6,NA,NA,NA,NA,NA,NA,NA,NA,"French","immersion","classroom_instruction",NA,"Spanish",NA,"classroom_instruction","self_learning","Swahili","immersion","classroom_instruction","self_learning",NA,NA,NA,NA,"English",0,0,5,13,NA,10,"French",NA,14,14,22,22,NA,"Spanish",28,28,28,28,28,NA,"Swahili",27,27,NA,27,27,NA,"English",NA,NA,"English",NA,NA,"English",NA,NA,"English",NA,NA,"English",NA,NA,NA,NA,NA,"English",7,7,7,7,"French",4,4,4,4,"Spanish",6,6,6,6,"Swahili",3,3,3,3,"English",2,3,1,2,1,2,"French",0,0,0,0,0,0,"Spanish",1,1,1,0,0,0,"Swahili",0,0,0,0,0,0,"English",4,2,NA,3,"French",0,0,NA,0,"Spanish",1,1,NA,0,"Swahili",0,0,NA,0,"English","English","English","English","English","English","English","English","English","English","English","English","English","English","English","English","English",100,"French",10,"Spanish",25,"Swahili",2,"No additional comments","I primarily speak French with a West African dialect and Spanish with a Mexican dialect."
"6725",33,"Male","English","Spanish","Italian",NA,"English",0,0,0,0,33,"Spanish",0,0,0,0,33,"Italian",15,15,15,15,15,NA,NA,NA,NA,NA,NA,"Sweden","3","English",7,"Spain",8,"Spanish",7,NA,NA,NA,NA,NA,NA,NA,NA,"Spanish",NA,NA,"self_learning","Italian",NA,NA,"self_learning",NA,NA,NA,NA,NA,NA,NA,NA,"English",0,0,0,0,0,0,"Spanish",0,NA,12,NA,NA,NA,"Italian",NA,NA,NA,NA,15,NA,NA,NA,NA,NA,NA,NA,NA,"English",NA,0,"English",NA,0,"English","Spanish",1,"English",NA,NA,NA,NA,NA,NA,NA,NA,"English",7,7,7,7,"Spanish",7,5,7,4,"Italian",7,4,7,4,NA,NA,NA,NA,NA,"English",2,1,1,1,2,1,"Spanish",0,0,0,1,1,0,"Italian",1,0,0,0,1,0,NA,NA,NA,NA,NA,NA,NA,"English",1,2,1,5,"Spanish",1,0,0,0,"Italian",0,0,0,0,NA,NA,NA,NA,NA,"English","English","English","English","English","English","English","English","English","English","English","English","English","English","English","English","English",98,"Spanish",2,"Italian",0,NA,NA,NA,NA
"6690",34,"Female","English",NA,NA,NA,"English",0,0,0,0,34,NA,NA,NA,NA,NA,NA,NA,NA,NA,NA,NA,NA,NA,NA,NA,NA,NA,NA,NA,NA,NA,NA,NA,NA,NA,NA,NA,NA,NA,NA,NA,NA,NA,NA,NA,NA,NA,NA,NA,NA,NA,NA,NA,NA,NA,NA,NA,NA,NA,NA,"English",0,0,0,0,0,0,NA,NA,NA,NA,NA,NA,NA,NA,NA,NA,NA,NA,NA,NA,NA,NA,NA,NA,NA,NA,NA,"English",NA,NA,"English",NA,NA,"English",NA,NA,"English",NA,NA,"English",NA,NA,NA,NA,NA,"English",7,7,7,7,NA,NA,NA,NA,NA,NA,NA,NA,NA,NA,NA,NA,NA,NA,NA,"English",5,0,1,1,4,1,NA,NA,NA,NA,NA,NA,NA,NA,NA,NA,NA,NA,NA,NA,NA,NA,NA,NA,NA,NA,NA,"English",4,2,0,3,NA,NA,NA,NA,NA,NA,NA,NA,NA,NA,NA,NA,NA,NA,NA,"English","English","English","English",NA,NA,NA,NA,"English","English","English","English","English","English","English","English","English",100,NA,NA,NA,NA,NA,NA,NA,NA
"6867",33,"Male","English","Spanish",NA,NA,"English",0,0,0,0,33,"Spanish",16,16,16,16,2,NA,NA,NA,NA,NA,NA,NA,NA,NA,NA,NA,NA,NA,NA,NA,NA,NA,NA,NA,NA,NA,NA,NA,NA,NA,NA,NA,NA,"Spanish","immersion","classroom_instruction","self_learning",NA,NA,NA,NA,NA,NA,NA,NA,NA,NA,NA,NA,"English",0,0,0,0,0,0,"Spanish",NA,NA,16,NA,NA,NA,NA,NA,NA,NA,NA,NA,NA,NA,NA,NA,NA,NA,NA,NA,"English",NA,NA,"English",NA,NA,"English",NA,NA,"English",NA,NA,NA,NA,NA,NA,NA,NA,"English",7,7,7,7,"Spanish",3,3,3,3,NA,NA,NA,NA,NA,NA,NA,NA,NA,NA,"English",3,0,3,5,5,8,"Spanish",0,0,0,0,0,0,NA,NA,NA,NA,NA,NA,NA,NA,NA,NA,NA,NA,NA,NA,"English",1,1,0,1,"Spanish",NA,NA,NA,NA,NA,NA,NA,NA,NA,NA,NA,NA,NA,NA,"English","English","English","English","English","English","English","English","English","English","English","English","English","English","English","English","English",100,"Spanish",10,NA,NA,NA,NA,NA,NA
"6451",30,"Male","English",NA,NA,NA,"English",0,3,5,5,27,NA,NA,NA,NA,NA,NA,NA,NA,NA,NA,NA,NA,NA,NA,NA,NA,NA,NA,"China","5","English",4,"UK",3,"English",7,NA,NA,NA,NA,NA,NA,NA,NA,"English",NA,NA,NA,NA,NA,NA,NA,NA,NA,NA,NA,NA,NA,NA,NA,"English",2,3,3,15,15,15,NA,NA,NA,NA,NA,NA,NA,NA,NA,NA,NA,NA,NA,NA,NA,NA,NA,NA,NA,NA,NA,"English",NA,NA,NA,NA,NA,NA,NA,NA,NA,NA,NA,NA,NA,NA,NA,NA,NA,"English",7,7,7,7,NA,NA,NA,NA,NA,NA,NA,NA,NA,NA,NA,NA,NA,NA,NA,"English",1,1,1,4,3,4,NA,NA,NA,NA,NA,NA,NA,NA,NA,NA,NA,NA,NA,NA,NA,NA,NA,NA,NA,NA,NA,"English",5,2,2,6,NA,NA,NA,NA,NA,NA,NA,NA,NA,NA,NA,NA,NA,NA,NA,"English","English","English","English","English","English","English","English","English","English","English","English","English","English","English","English","English",100,NA,NA,NA,NA,NA,NA,NA,NA
"6808",34,"Female","English","Spanish",NA,NA,"English",1,1,3,3,34,"Spanish",10,10,10,10,14,NA,NA,NA,NA,NA,NA,NA,NA,NA,NA,NA,NA,"United Kingdom","4","English",7,NA,NA,NA,NA,NA,NA,NA,NA,NA,NA,NA,NA,"Spanish",NA,"classroom_instruction","self_learning",NA,"immersion",NA,NA,NA,"immersion",NA,NA,NA,"immersion",NA,NA,"English",0,3,3,25,NA,5,"Spanish",10,10,10,NA,16,NA,NA,NA,NA,NA,NA,NA,NA,NA,NA,NA,NA,NA,NA,NA,NA,NA,NA,"English","Spanish",1,NA,NA,NA,NA,NA,NA,NA,NA,NA,NA,NA,NA,"English",7,7,7,7,"Spanish",5,6,6,5,NA,NA,NA,NA,NA,NA,NA,NA,NA,NA,"English",3,1,3,4,3,4,"Spanish",1,0,2,0,2,2,NA,NA,NA,NA,NA,NA,NA,NA,NA,NA,NA,NA,NA,NA,"English",4,3,2,4,"Spanish",1,2,2,1,NA,NA,NA,NA,NA,NA,NA,NA,NA,NA,"English","English","English","English","English","Spanish","Spanish","English","English","English","English","English","Spanish","Spanish","English","English","English",100,"Spanish",30,NA,NA,NA,NA,"I do not have additional answers","I do not use any dialects"
"6998",24,"Female","English",NA,NA,NA,"English",0,0,0,0,24,NA,NA,NA,NA,NA,NA,NA,NA,NA,NA,NA,NA,NA,NA,NA,NA,NA,NA,NA,NA,NA,NA,NA,NA,NA,NA,NA,NA,NA,NA,NA,NA,NA,NA,"English",NA,NA,NA,NA,NA,NA,NA,NA,NA,NA,NA,NA,NA,NA,NA,"English",0,0,0,0,0,0,NA,NA,NA,NA,NA,NA,NA,NA,NA,NA,NA,NA,NA,NA,NA,NA,NA,NA,NA,NA,NA,"English",NA,NA,"English",NA,NA,"English",NA,NA,"English",NA,NA,NA,NA,NA,NA,NA,NA,"English",7,7,7,7,NA,NA,NA,NA,NA,NA,NA,NA,NA,NA,NA,NA,NA,NA,NA,"English",3,0,0,2,4,3,NA,NA,NA,NA,NA,NA,NA,NA,NA,NA,NA,NA,NA,NA,NA,NA,NA,NA,NA,NA,NA,"English",2,2,NA,3,NA,NA,NA,NA,NA,NA,NA,NA,NA,NA,NA,NA,NA,NA,NA,"English","English","English","English",NA,NA,NA,NA,"English","English","English","English","English","English","English","English","English",100,NA,NA,NA,NA,NA,NA,NA,NA
"6777",31,"Male","English","Spanish",NA,NA,"English",0,0,0,0,31,"Spanish",0,0,0,0,31,NA,NA,NA,NA,NA,NA,NA,NA,NA,NA,NA,NA,NA,NA,NA,NA,NA,NA,NA,NA,NA,NA,NA,NA,NA,NA,NA,NA,NA,NA,NA,NA,NA,NA,NA,NA,NA,NA,NA,NA,NA,NA,NA,NA,"English",2,3,3,18,NA,6,"Spanish",1,NA,NA,16,NA,NA,NA,NA,NA,NA,NA,NA,NA,NA,NA,NA,NA,NA,NA,NA,NA,NA,NA,NA,NA,NA,NA,NA,NA,NA,NA,NA,NA,NA,NA,NA,NA,NA,"English",7,7,7,7,"Spanish",5,5,5,5,NA,NA,NA,NA,NA,NA,NA,NA,NA,NA,"English",2,0,0,2,6,0,"Spanish",1,0,0,0,0,0,NA,NA,NA,NA,NA,NA,NA,NA,NA,NA,NA,NA,NA,NA,"English",1,NA,NA,NA,"Spanish",3,NA,NA,1,NA,NA,NA,NA,NA,NA,NA,NA,NA,NA,"Spanish","Spanish","English","English","English","English","English","English","English","English","English","English",NA,NA,NA,NA,"English",100,"Spanish",0,NA,NA,NA,NA,NA,NA
"6071",38,"Female","English",NA,NA,NA,"English",0,0,3,3,38,NA,NA,NA,NA,NA,NA,NA,NA,NA,NA,NA,NA,NA,NA,NA,NA,NA,NA,NA,NA,NA,NA,NA,NA,NA,NA,NA,NA,NA,NA,NA,NA,NA,NA,NA,NA,NA,NA,NA,NA,NA,NA,NA,NA,NA,NA,NA,NA,NA,NA,"English",0,0,4,18,NA,NA,NA,NA,NA,NA,NA,NA,NA,NA,NA,NA,NA,NA,NA,NA,NA,NA,NA,NA,NA,NA,NA,"English",NA,0,"English",NA,0,"English",NA,0,"English",NA,0,"English",NA,0,"English",NA,NA,"English",7,7,7,7,NA,NA,NA,NA,NA,NA,NA,NA,NA,NA,NA,NA,NA,NA,NA,"English",3,0,2,4,7,2,NA,NA,NA,NA,NA,NA,NA,NA,NA,NA,NA,NA,NA,NA,NA,NA,NA,NA,NA,NA,NA,"English",3,4,NA,4,NA,NA,NA,NA,NA,NA,NA,NA,NA,NA,NA,NA,NA,NA,NA,"English","English","English","English","English","English","English","English","English","English","English","English","English","English","English","English","English",100,NA,NA,NA,NA,NA,NA,"No additional comments needed.","No."
"5724",19,"Female","English",NA,NA,NA,"English",0,1,3,4,19,NA,NA,NA,NA,NA,NA,NA,NA,NA,NA,NA,NA,NA,NA,NA,NA,NA,NA,"0","228","0",7,NA,NA,NA,NA,NA,NA,NA,NA,NA,NA,NA,NA,NA,NA,NA,NA,NA,NA,NA,NA,NA,NA,NA,NA,NA,NA,NA,NA,"English",0,0,5,15,5,6,NA,NA,NA,NA,NA,NA,NA,NA,NA,NA,NA,NA,NA,NA,NA,NA,NA,NA,NA,NA,NA,"English",NA,NA,"English",NA,NA,"English",NA,NA,"English",NA,NA,NA,NA,NA,NA,NA,NA,"English",7,7,6,6,NA,NA,NA,NA,NA,NA,NA,NA,NA,NA,NA,NA,NA,NA,NA,"English",3,0,1,2,6,2,NA,NA,NA,NA,NA,NA,NA,NA,NA,NA,NA,NA,NA,NA,NA,NA,NA,NA,NA,NA,NA,"English",3,4,2,1,NA,NA,NA,NA,NA,NA,NA,NA,NA,NA,NA,NA,NA,NA,NA,"0","0","0","0","0","0","0","0","0","0","0","0","0","0","0","0","English",99,NA,NA,NA,NA,NA,NA,"I only speak English. I do not pseak any other languages. I tried to learn Spanish in high school but was not good at it.","No."
"5238",20,"Male","English","Spanish",NA,NA,"English",0,2,5,5,20,"Spanish",18,18,18,18,1,NA,NA,NA,NA,NA,NA,NA,NA,NA,NA,NA,NA,NA,NA,NA,NA,NA,NA,NA,NA,NA,NA,NA,NA,NA,NA,NA,NA,"Spanish",NA,NA,"self_learning",NA,NA,NA,NA,NA,NA,NA,NA,NA,NA,NA,NA,"English",0,3,4,17,NA,10,"Spanish",NA,NA,NA,18,NA,NA,NA,NA,NA,NA,NA,NA,NA,NA,NA,NA,NA,NA,NA,NA,NA,NA,NA,NA,NA,NA,NA,NA,NA,NA,NA,NA,NA,NA,NA,NA,NA,NA,"English",7,7,7,7,"Spanish",2,3,3,3,NA,NA,NA,NA,NA,NA,NA,NA,NA,NA,"English",1,0,0,0,3,0,"Spanish",0,0,0,0,1,0,NA,NA,NA,NA,NA,NA,NA,NA,NA,NA,NA,NA,NA,NA,"English",1,1,0,0,"Spanish",0,0,0,0,NA,NA,NA,NA,NA,NA,NA,NA,NA,NA,"English","English","English","English",NA,NA,NA,NA,"English","English","English","English","English","English","English","English","English",100,"Spanish",3,NA,NA,NA,NA,"I am a native English speaker and have studied a little bit of Spanish.","No"
"5103",32,"Female","English","Spanish",NA,NA,"English",0,1,4,4,32,"Spanish",6,16,21,21,9,NA,NA,NA,NA,NA,NA,NA,NA,NA,NA,NA,NA,NA,NA,NA,NA,NA,NA,NA,NA,NA,NA,NA,NA,NA,NA,NA,NA,"Spanish",NA,"classroom_instruction","self_learning",NA,NA,NA,NA,NA,NA,NA,NA,NA,NA,NA,NA,"English",1,3,3,16,6,6,"Spanish",10,18,18,NA,10,11,NA,NA,NA,NA,NA,NA,NA,NA,NA,NA,NA,NA,NA,NA,"English",NA,0,"English",NA,0,"English",NA,0,"English","Spanish",1,NA,NA,NA,NA,NA,NA,"English",7,7,5,4,"Spanish",3,2,3,3,NA,NA,NA,NA,NA,NA,NA,NA,NA,NA,"English",2,1,0,4,1,4,"Spanish",0,1,0,0,0,0,NA,NA,NA,NA,NA,NA,NA,NA,NA,NA,NA,NA,NA,NA,"English",2,1,NA,8,"Spanish",0,0,0,0,NA,NA,NA,NA,NA,NA,NA,NA,NA,NA,"English","English","English","English","English","English","English","English","English","English","English","English","English","English","English","English","English",100,"Spanish",10,NA,NA,NA,NA,"I am an English speaker and tried to teach myself/class instrcution of spanish. I do not feel comfortable to converse with friends. I either try to talk to strangers online or just use online software to practice.","There are different english dialects I'm aware of like AAVE."
"5098",27,"Female","English","Spanish","Vietnamese",NA,"English",0,0,0,0,27,"Spanish",15,15,15,15,5,"Vietnamese",0,0,0,0,27,NA,NA,NA,NA,NA,NA,"Vietnam",NA,"Vietnamese",3,"Mexico",NA,"Spanish",4,NA,NA,NA,NA,NA,NA,NA,NA,"Spanish",NA,"classroom_instruction",NA,"Vietnamese","immersion",NA,NA,NA,NA,NA,NA,NA,NA,NA,NA,"English",0,0,0,0,NA,NA,"Spanish",NA,15,15,24,NA,NA,"Vietnamese",0,0,NA,NA,NA,NA,NA,NA,NA,NA,NA,NA,NA,"English",NA,NA,"English",NA,NA,"English",NA,NA,"English",NA,NA,NA,NA,NA,NA,NA,NA,"English",7,7,7,7,"Spanish",5,5,4,4,"Vietnamese",5,4,2,1,NA,NA,NA,NA,NA,"English",4,0,3,2,8,0,"Spanish",1,0,0,0,1,0,"Vietnamese",0,0,0,0,0,0,NA,NA,NA,NA,NA,NA,NA,"English",4,3,0,0,"Spanish",0,0,0,0,"Vietnamese",4,0,0,0,NA,NA,NA,NA,NA,"English","English","English","English","English","English","English","English","English","English","English","English","English","English","English","English","English",100,"Spanish",10,"Vietnamese",25,NA,NA,NA,"None"
"7091",34,"Male","English","Spanish",NA,NA,"English",0,1,5,5,34,"Spanish",14,14,14,14,4,NA,NA,NA,NA,NA,NA,NA,NA,NA,NA,NA,NA,NA,NA,NA,NA,NA,NA,NA,NA,NA,NA,NA,NA,NA,NA,NA,NA,"Spanish",NA,"classroom_instruction",NA,NA,NA,NA,NA,NA,NA,NA,NA,NA,NA,NA,NA,"English",0,4,6,20,10,10,"Spanish",NA,NA,14,NA,NA,NA,NA,NA,NA,NA,NA,NA,NA,NA,NA,NA,NA,NA,NA,NA,"English",NA,0,"English",NA,0,"English",NA,0,"English",NA,0,NA,NA,NA,NA,NA,NA,"English",7,7,7,7,"Spanish",3,2,2,2,NA,NA,NA,NA,NA,NA,NA,NA,NA,NA,"English",1,1,1,1,2,0,"Spanish",0,0,0,0,0,0,NA,NA,NA,NA,NA,NA,NA,NA,NA,NA,NA,NA,NA,NA,"English",2,1,0,3,"Spanish",0,0,0,0,NA,NA,NA,NA,NA,NA,NA,NA,NA,NA,"English","English","English","English","English","English","English","English","English","English","English","English","English","English","English","English","English",100,"Spanish",2,NA,NA,NA,NA,NA,NA
"6993",30,"Female","English","french",NA,NA,"English",0,2,5,6,26,"french",8,8,9,9,NA,NA,NA,NA,NA,NA,NA,NA,NA,NA,NA,NA,NA,"france","5","french",3,NA,NA,NA,NA,NA,NA,NA,NA,NA,NA,NA,NA,"french",NA,"classroom_instruction","self_learning",NA,NA,NA,NA,NA,NA,NA,NA,NA,NA,NA,NA,"English",2,2,2,18,NA,4,"french",NA,12,NA,NA,NA,NA,NA,NA,NA,NA,NA,NA,NA,NA,NA,NA,NA,NA,NA,NA,"English",NA,NA,"English",NA,NA,"English",NA,NA,"English",NA,NA,"English",NA,NA,NA,NA,NA,"English",7,7,7,6,"french",5,4,4,3,NA,NA,NA,NA,NA,NA,NA,NA,NA,NA,"English",3,0,2,0,6,2,"french",0,0,0,0,0,0,NA,NA,NA,NA,NA,NA,NA,NA,NA,NA,NA,NA,NA,NA,"English",4,1,1,6,"french",1,0,0,0,NA,NA,NA,NA,NA,NA,NA,NA,NA,NA,"English","English","English","English","English","English","English","English","English","English","English","English","English","English","English","English","English",90,"french",10,NA,NA,NA,NA,NA,NA
"7172",38,"Male","English",NA,NA,NA,"English",0,0,0,0,38,NA,NA,NA,NA,NA,NA,NA,NA,NA,NA,NA,NA,NA,NA,NA,NA,NA,NA,NA,NA,NA,NA,NA,NA,NA,NA,NA,NA,NA,NA,NA,NA,NA,NA,NA,NA,NA,NA,NA,NA,NA,NA,NA,NA,NA,NA,NA,NA,NA,NA,"English",0,0,0,0,0,0,NA,NA,NA,NA,NA,NA,NA,NA,NA,NA,NA,NA,NA,NA,NA,NA,NA,NA,NA,NA,NA,"English",NA,NA,"English",NA,NA,"English",NA,NA,"English",NA,NA,NA,NA,NA,NA,NA,NA,"English",7,7,7,7,NA,NA,NA,NA,NA,NA,NA,NA,NA,NA,NA,NA,NA,NA,NA,"English",1,1,0,2,2,1,NA,NA,NA,NA,NA,NA,NA,NA,NA,NA,NA,NA,NA,NA,NA,NA,NA,NA,NA,NA,NA,"English",2,6,0,3,NA,NA,NA,NA,NA,NA,NA,NA,NA,NA,NA,NA,NA,NA,NA,"English","English","English","English","English","English","English","English","English","English","English","English","English","English","English","English","English",100,NA,NA,NA,NA,NA,NA,"Until a recent move to Florida I spent the greater part of my life sourrounded by only english speaking americans. Only now I realizing I probably should have tried to learn spanish some spanish at some point in my life.",NA
"7187",32,"Male","English",NA,NA,NA,"English",0,3,6,6,32,NA,NA,NA,NA,NA,NA,NA,NA,NA,NA,NA,NA,NA,NA,NA,NA,NA,NA,NA,NA,NA,NA,NA,NA,NA,NA,NA,NA,NA,NA,NA,NA,NA,NA,NA,NA,NA,NA,NA,NA,NA,NA,NA,NA,NA,NA,NA,NA,NA,NA,"English",0,5,6,18,NA,NA,NA,NA,NA,NA,NA,NA,NA,NA,NA,NA,NA,NA,NA,NA,NA,NA,NA,NA,NA,NA,NA,"English",NA,0,"English",NA,0,"English",NA,0,NA,NA,0,NA,NA,0,NA,NA,NA,"English",7,7,7,7,NA,NA,NA,NA,NA,NA,NA,NA,NA,NA,NA,NA,NA,NA,NA,"English",0,1,1,2,5,1,NA,NA,NA,NA,NA,NA,NA,NA,NA,NA,NA,NA,NA,NA,NA,NA,NA,NA,NA,NA,NA,"English",8,8,0,8,NA,NA,NA,NA,NA,NA,NA,NA,NA,NA,NA,NA,NA,NA,NA,"English","English","English","English","English","English","English","English","English","English","English","English","English","English","English","English","English",100,NA,NA,NA,NA,NA,NA,"I'm an American citizen born and raised. I only speak English.","No"
"7201",36,"Male","English",NA,NA,NA,"English",0,0,0,0,36,NA,NA,NA,NA,NA,NA,NA,NA,NA,NA,NA,NA,NA,NA,NA,NA,NA,NA,NA,NA,NA,NA,NA,NA,NA,NA,NA,NA,NA,NA,NA,NA,NA,NA,NA,NA,NA,NA,NA,NA,NA,NA,NA,NA,NA,NA,NA,NA,NA,NA,"English",0,3,5,15,NA,NA,NA,NA,NA,NA,NA,NA,NA,NA,NA,NA,NA,NA,NA,NA,NA,NA,NA,NA,NA,NA,NA,"English",NA,NA,"English",NA,NA,"English",NA,NA,"English",NA,NA,NA,NA,NA,NA,NA,NA,"English",7,7,7,7,NA,NA,NA,NA,NA,NA,NA,NA,NA,NA,NA,NA,NA,NA,NA,"English",3,1,1,4,2,2,NA,NA,NA,NA,NA,NA,NA,NA,NA,NA,NA,NA,NA,NA,NA,NA,NA,NA,NA,NA,NA,"English",6,2,NA,8,NA,NA,NA,NA,NA,NA,NA,NA,NA,NA,NA,NA,NA,NA,NA,"English","English","English","English",NA,NA,NA,NA,"English","English","English","English","English","English","English","English","English",100,NA,NA,NA,NA,NA,NA,"nothing additional","no dialects"
"7189",20,"Male","English",NA,NA,NA,"English",0,0,0,0,20,NA,NA,NA,NA,NA,NA,NA,NA,NA,NA,NA,NA,NA,NA,NA,NA,NA,NA,"Nigeria","204","English",7,"United kingdom",5,"English",7,NA,NA,NA,NA,NA,NA,NA,NA,"English","immersion",NA,NA,NA,NA,NA,NA,NA,NA,NA,NA,NA,NA,NA,NA,"English",0,0,0,0,0,0,NA,NA,NA,NA,NA,NA,NA,NA,NA,NA,NA,NA,NA,NA,NA,NA,NA,NA,NA,NA,NA,"English",NA,NA,"English",NA,NA,"English",NA,NA,"English",NA,NA,"english",NA,NA,NA,NA,NA,"English",7,7,7,7,NA,NA,NA,NA,NA,NA,NA,NA,NA,NA,NA,NA,NA,NA,NA,"English",5,0,0,2,4,3,NA,NA,NA,NA,NA,NA,NA,NA,NA,NA,NA,NA,NA,NA,NA,NA,NA,NA,NA,NA,NA,"English",4,4,3,2,NA,NA,NA,NA,NA,NA,NA,NA,NA,NA,NA,NA,NA,NA,NA,"English","English","English","English","English","English","English","English","English","English","English","English","English","English","English","English","English",60,NA,NA,NA,NA,NA,NA,NA,NA
"7464",29,"Male","English","Japanese",NA,NA,"English",0,2,4,4,29,"Japanese",14,14,14,14,4,NA,NA,NA,NA,NA,NA,NA,NA,NA,NA,NA,NA,NA,NA,NA,NA,NA,NA,NA,NA,NA,NA,NA,NA,NA,NA,NA,NA,"Japanese",NA,"classroom_instruction",NA,NA,NA,NA,NA,NA,NA,NA,NA,NA,NA,NA,NA,"English",0,0,3,16,5,5,"Japanese",NA,NA,14,NA,NA,NA,NA,NA,NA,NA,NA,NA,NA,NA,NA,NA,NA,NA,NA,NA,NA,NA,NA,NA,NA,NA,"Japanese",NA,NA,NA,NA,NA,NA,NA,NA,NA,NA,NA,"English",7,7,7,7,"Japanese",3,3,3,3,NA,NA,NA,NA,NA,NA,NA,NA,NA,NA,"English",1,0,1,0,3,0,"Japanese",0,0,1,0,0,0,NA,NA,NA,NA,NA,NA,NA,NA,NA,NA,NA,NA,NA,NA,"English",0,3,0,5,"Japanese",0,0,0,0,NA,NA,NA,NA,NA,NA,NA,NA,NA,NA,"English","English","English","English","English","English","English","English","English","English","English","English","English","English","English","English","English",100,"Japanese",0,NA,NA,NA,NA,NA,"No"
"7480",26,"Male","english",NA,NA,NA,"english",1,1,2,3,26,NA,NA,NA,NA,NA,NA,NA,NA,NA,NA,NA,NA,NA,NA,NA,NA,NA,NA,"SOUTH AFRICA","4","English",7,"ZAMBIA",3,"English",7,"KENYA",4,"English",7,"TURKEY",4,"English",7,"english","immersion",NA,NA,NA,"immersion",NA,NA,NA,"immersion",NA,NA,NA,"immersion",NA,NA,"english",0,2,3,23,23,18,NA,NA,NA,NA,NA,NA,NA,NA,NA,NA,NA,NA,NA,NA,NA,NA,NA,NA,NA,NA,NA,"English",NA,0,"English",NA,NA,"English",NA,NA,"English",NA,NA,NA,NA,NA,NA,NA,NA,"english",7,7,7,7,NA,NA,NA,NA,NA,NA,NA,NA,NA,NA,NA,NA,NA,NA,NA,"english",2,1,2,2,2,1,NA,NA,NA,NA,NA,NA,NA,NA,NA,NA,NA,NA,NA,NA,NA,NA,NA,NA,NA,NA,NA,"english",6,4,2,4,NA,NA,NA,NA,NA,NA,NA,NA,NA,NA,NA,NA,NA,NA,NA,"english","english","english","english","english","english","english","english","english","english","english","english","english","english","english","english","english",99,NA,NA,NA,NA,NA,NA,NA,NA
"7474",32,"Male","English",NA,NA,NA,"English",0,1,2,2,32,NA,NA,NA,NA,NA,NA,NA,NA,NA,NA,NA,NA,NA,NA,NA,NA,NA,NA,"USA","372","English",7,"Canada",4,"English",7,"Germany",1,"English",7,"Italy",2,"Enlish",6,NA,NA,NA,NA,NA,NA,NA,NA,NA,NA,NA,NA,NA,NA,NA,NA,"English",1,2,1,9,16,8,NA,NA,NA,NA,NA,NA,NA,NA,NA,NA,NA,NA,NA,NA,NA,NA,NA,NA,NA,NA,NA,"English",NA,NA,"English",NA,NA,"English",NA,NA,"English",NA,NA,"English",NA,NA,"English",NA,NA,"English",7,7,7,7,NA,NA,NA,NA,NA,NA,NA,NA,NA,NA,NA,NA,NA,NA,NA,"English",2,1,2,2,4,1,NA,NA,NA,NA,NA,NA,NA,NA,NA,NA,NA,NA,NA,NA,NA,NA,NA,NA,NA,NA,NA,"English",2,3,1,2,NA,NA,NA,NA,NA,NA,NA,NA,NA,NA,NA,NA,NA,NA,NA,"English","English","English","English","English","English","English","English","English","English","English","English","English","English","English","English","English",95,NA,NA,NA,NA,NA,NA,"No comments",NA
