endpoint1,endpoint2,step,time_index,time,formant,frequency
reason_1,risen_1,1,1,0.033,1,340
reason_1,risen_1,1,1,0.033,2,1197
reason_1,risen_1,1,1,0.033,3,2646
reason_1,risen_1,1,2,0.041,1,340
reason_1,risen_1,1,2,0.041,2,1204
reason_1,risen_1,1,2,0.041,3,2646
reason_1,risen_1,1,3,0.05,1,350
reason_1,risen_1,1,3,0.05,2,1322
reason_1,risen_1,1,3,0.05,3,2653
reason_1,risen_1,1,4,0.058,1,361
reason_1,risen_1,1,4,0.058,2,1480
reason_1,risen_1,1,4,0.058,3,2685
reason_1,risen_1,1,5,0.066,1,364
reason_1,risen_1,1,5,0.066,2,1638
reason_1,risen_1,1,5,0.066,3,2749
reason_1,risen_1,1,6,0.074,1,366
reason_1,risen_1,1,6,0.074,2,1846
reason_1,risen_1,1,6,0.074,3,2802
reason_1,risen_1,1,7,0.083,1,366
reason_1,risen_1,1,7,0.083,2,2117
reason_1,risen_1,1,7,0.083,3,2854
reason_1,risen_1,1,8,0.091,1,365
reason_1,risen_1,1,8,0.091,2,2332
reason_1,risen_1,1,8,0.091,3,2898
reason_1,risen_1,1,9,0.099,1,363
reason_1,risen_1,1,9,0.099,2,2493
reason_1,risen_1,1,9,0.099,3,2949
reason_1,risen_1,1,10,0.107,1,362
reason_1,risen_1,1,10,0.107,2,2616
reason_1,risen_1,1,10,0.107,3,3016
reason_1,risen_1,1,11,0.116,1,360
reason_1,risen_1,1,11,0.116,2,2710
reason_1,risen_1,1,11,0.116,3,3083
reason_1,risen_1,1,12,0.124,1,359
reason_1,risen_1,1,12,0.124,2,2822
reason_1,risen_1,1,12,0.124,3,3110
reason_1,risen_1,1,13,0.132,1,361
reason_1,risen_1,1,13,0.132,2,2908
reason_1,risen_1,1,13,0.132,3,3241
reason_1,risen_1,1,14,0.14,1,362
reason_1,risen_1,1,14,0.14,2,2939
reason_1,risen_1,1,14,0.14,3,3320
reason_1,risen_1,1,15,0.149,1,364
reason_1,risen_1,1,15,0.149,2,2932
reason_1,risen_1,1,15,0.149,3,3328
reason_1,risen_1,1,16,0.157,1,366
reason_1,risen_1,1,16,0.157,2,2899
reason_1,risen_1,1,16,0.157,3,3301
reason_1,risen_1,1,17,0.165,1,368
reason_1,risen_1,1,17,0.165,2,2859
reason_1,risen_1,1,17,0.165,3,3318
reason_1,risen_1,1,18,0.173,1,372
reason_1,risen_1,1,18,0.173,2,2838
reason_1,risen_1,1,18,0.173,3,3326
reason_1,risen_1,1,19,0.182,1,378
reason_1,risen_1,1,19,0.182,2,2832
reason_1,risen_1,1,19,0.182,3,3324
reason_1,risen_1,1,20,0.19,1,385
reason_1,risen_1,1,20,0.19,2,2828
reason_1,risen_1,1,20,0.19,3,3299
reason_1,risen_1,1,21,0.198,1,393
reason_1,risen_1,1,21,0.198,2,2815
reason_1,risen_1,1,21,0.198,3,3273
reason_1,risen_1,1,22,0.206,1,401
reason_1,risen_1,1,22,0.206,2,2778
reason_1,risen_1,1,22,0.206,3,3257
reason_1,risen_1,1,23,0.215,1,408
reason_1,risen_1,1,23,0.215,2,2701
reason_1,risen_1,1,23,0.215,3,3240
reason_1,risen_1,1,24,0.223,1,414
reason_1,risen_1,1,24,0.223,2,2634
reason_1,risen_1,1,24,0.223,3,3243
reason_1,risen_1,1,25,0.231,1,416
reason_1,risen_1,1,25,0.231,2,2530
reason_1,risen_1,1,25,0.231,3,3230
reason_1,risen_1,1,26,0.239,1,415
reason_1,risen_1,1,26,0.239,2,2424
reason_1,risen_1,1,26,0.239,3,3212
reason_1,risen_1,1,27,0.248,1,409
reason_1,risen_1,1,27,0.248,2,2320
reason_1,risen_1,1,27,0.248,3,3194
reason_1,risen_1,1,28,0.256,1,395
reason_1,risen_1,1,28,0.256,2,2228
reason_1,risen_1,1,28,0.256,3,3182
reason_1,risen_1,1,29,0.264,1,376
reason_1,risen_1,1,29,0.264,2,2193
reason_1,risen_1,1,29,0.264,3,3197
reason_1,risen_1,1,30,0.272,1,371
reason_1,risen_1,1,30,0.272,2,2187
reason_1,risen_1,1,30,0.272,3,3200
reason_1,risen_1,2,1,0.033,1,343
reason_1,risen_1,2,1,0.033,2,1234
reason_1,risen_1,2,1,0.033,3,2578
reason_1,risen_1,2,2,0.041,1,344
reason_1,risen_1,2,2,0.041,2,1240
reason_1,risen_1,2,2,0.041,3,2580
reason_1,risen_1,2,3,0.05,1,355
reason_1,risen_1,2,3,0.05,2,1343
reason_1,risen_1,2,3,0.05,3,2600
reason_1,risen_1,2,4,0.058,1,365
reason_1,risen_1,2,4,0.058,2,1489
reason_1,risen_1,2,4,0.058,3,2647
reason_1,risen_1,2,5,0.066,1,368
reason_1,risen_1,2,5,0.066,2,1640
reason_1,risen_1,2,5,0.066,3,2715
reason_1,risen_1,2,6,0.074,1,371
reason_1,risen_1,2,6,0.074,2,1832
reason_1,risen_1,2,6,0.074,3,2767
reason_1,risen_1,2,7,0.083,1,372
reason_1,risen_1,2,7,0.083,2,2077
reason_1,risen_1,2,7,0.083,3,2819
reason_1,risen_1,2,8,0.091,1,373
reason_1,risen_1,2,8,0.091,2,2280
reason_1,risen_1,2,8,0.091,3,2868
reason_1,risen_1,2,9,0.099,1,373
reason_1,risen_1,2,9,0.099,2,2422
reason_1,risen_1,2,9,0.099,3,2923
reason_1,risen_1,2,10,0.107,1,373
reason_1,risen_1,2,10,0.107,2,2526
reason_1,risen_1,2,10,0.107,3,2987
reason_1,risen_1,2,11,0.116,1,372
reason_1,risen_1,2,11,0.116,2,2602
reason_1,risen_1,2,11,0.116,3,3051
reason_1,risen_1,2,12,0.124,1,373
reason_1,risen_1,2,12,0.124,2,2692
reason_1,risen_1,2,12,0.124,3,3081
reason_1,risen_1,2,13,0.132,1,375
reason_1,risen_1,2,13,0.132,2,2760
reason_1,risen_1,2,13,0.132,3,3196
reason_1,risen_1,2,14,0.14,1,377
reason_1,risen_1,2,14,0.14,2,2781
reason_1,risen_1,2,14,0.14,3,3266
reason_1,risen_1,2,15,0.149,1,379
reason_1,risen_1,2,15,0.149,2,2779
reason_1,risen_1,2,15,0.149,3,3274
reason_1,risen_1,2,16,0.157,1,382
reason_1,risen_1,2,16,0.157,2,2757
reason_1,risen_1,2,16,0.157,3,3247
reason_1,risen_1,2,17,0.165,1,384
reason_1,risen_1,2,17,0.165,2,2725
reason_1,risen_1,2,17,0.165,3,3256
reason_1,risen_1,2,18,0.173,1,388
reason_1,risen_1,2,18,0.173,2,2706
reason_1,risen_1,2,18,0.173,3,3260
reason_1,risen_1,2,19,0.182,1,393
reason_1,risen_1,2,19,0.182,2,2698
reason_1,risen_1,2,19,0.182,3,3259
reason_1,risen_1,2,20,0.19,1,399
reason_1,risen_1,2,20,0.19,2,2698
reason_1,risen_1,2,20,0.19,3,3239
reason_1,risen_1,2,21,0.198,1,405
reason_1,risen_1,2,21,0.198,2,2686
reason_1,risen_1,2,21,0.198,3,3216
reason_1,risen_1,2,22,0.206,1,411
reason_1,risen_1,2,22,0.206,2,2651
reason_1,risen_1,2,22,0.206,3,3203
reason_1,risen_1,2,23,0.215,1,415
reason_1,risen_1,2,23,0.215,2,2586
reason_1,risen_1,2,23,0.215,3,3191
reason_1,risen_1,2,24,0.223,1,418
reason_1,risen_1,2,24,0.223,2,2527
reason_1,risen_1,2,24,0.223,3,3195
reason_1,risen_1,2,25,0.231,1,419
reason_1,risen_1,2,25,0.231,2,2438
reason_1,risen_1,2,25,0.231,3,3186
reason_1,risen_1,2,26,0.239,1,415
reason_1,risen_1,2,26,0.239,2,2349
reason_1,risen_1,2,26,0.239,3,3170
reason_1,risen_1,2,27,0.248,1,408
reason_1,risen_1,2,27,0.248,2,2263
reason_1,risen_1,2,27,0.248,3,3154
reason_1,risen_1,2,28,0.256,1,395
reason_1,risen_1,2,28,0.256,2,2188
reason_1,risen_1,2,28,0.256,3,3144
reason_1,risen_1,2,29,0.264,1,377
reason_1,risen_1,2,29,0.264,2,2163
reason_1,risen_1,2,29,0.264,3,3157
reason_1,risen_1,2,30,0.272,1,372
reason_1,risen_1,2,30,0.272,2,2163
reason_1,risen_1,2,30,0.272,3,3161
reason_1,risen_1,3,1,0.033,1,347
reason_1,risen_1,3,1,0.033,2,1271
reason_1,risen_1,3,1,0.033,3,2512
reason_1,risen_1,3,2,0.041,1,348
reason_1,risen_1,3,2,0.041,2,1277
reason_1,risen_1,3,2,0.041,3,2516
reason_1,risen_1,3,3,0.05,1,360
reason_1,risen_1,3,3,0.05,2,1365
reason_1,risen_1,3,3,0.05,3,2548
reason_1,risen_1,3,4,0.058,1,370
reason_1,risen_1,3,4,0.058,2,1498
reason_1,risen_1,3,4,0.058,3,2610
reason_1,risen_1,3,5,0.066,1,373
reason_1,risen_1,3,5,0.066,2,1642
reason_1,risen_1,3,5,0.066,3,2682
reason_1,risen_1,3,6,0.074,1,376
reason_1,risen_1,3,6,0.074,2,1819
reason_1,risen_1,3,6,0.074,3,2734
reason_1,risen_1,3,7,0.083,1,379
reason_1,risen_1,3,7,0.083,2,2037
reason_1,risen_1,3,7,0.083,3,2785
reason_1,risen_1,3,8,0.091,1,381
reason_1,risen_1,3,8,0.091,2,2230
reason_1,risen_1,3,8,0.091,3,2838
reason_1,risen_1,3,9,0.099,1,383
reason_1,risen_1,3,9,0.099,2,2353
reason_1,risen_1,3,9,0.099,3,2898
reason_1,risen_1,3,10,0.107,1,384
reason_1,risen_1,3,10,0.107,2,2440
reason_1,risen_1,3,10,0.107,3,2959
reason_1,risen_1,3,11,0.116,1,385
reason_1,risen_1,3,11,0.116,2,2500
reason_1,risen_1,3,11,0.116,3,3019
reason_1,risen_1,3,12,0.124,1,386
reason_1,risen_1,3,12,0.124,2,2568
reason_1,risen_1,3,12,0.124,3,3053
reason_1,risen_1,3,13,0.132,1,389
reason_1,risen_1,3,13,0.132,2,2621
reason_1,risen_1,3,13,0.132,3,3152
reason_1,risen_1,3,14,0.14,1,391
reason_1,risen_1,3,14,0.14,2,2634
reason_1,risen_1,3,14,0.14,3,3212
reason_1,risen_1,3,15,0.149,1,395
reason_1,risen_1,3,15,0.149,2,2636
reason_1,risen_1,3,15,0.149,3,3221
reason_1,risen_1,3,16,0.157,1,398
reason_1,risen_1,3,16,0.157,2,2623
reason_1,risen_1,3,16,0.157,3,3195
reason_1,risen_1,3,17,0.165,1,401
reason_1,risen_1,3,17,0.165,2,2598
reason_1,risen_1,3,17,0.165,3,3196
reason_1,risen_1,3,18,0.173,1,404
reason_1,risen_1,3,18,0.173,2,2580
reason_1,risen_1,3,18,0.173,3,3196
reason_1,risen_1,3,19,0.182,1,408
reason_1,risen_1,3,19,0.182,2,2571
reason_1,risen_1,3,19,0.182,3,3196
reason_1,risen_1,3,20,0.19,1,413
reason_1,risen_1,3,20,0.19,2,2575
reason_1,risen_1,3,20,0.19,3,3181
reason_1,risen_1,3,21,0.198,1,417
reason_1,risen_1,3,21,0.198,2,2563
reason_1,risen_1,3,21,0.198,3,3160
reason_1,risen_1,3,22,0.206,1,421
reason_1,risen_1,3,22,0.206,2,2532
reason_1,risen_1,3,22,0.206,3,3151
reason_1,risen_1,3,23,0.215,1,422
reason_1,risen_1,3,23,0.215,2,2476
reason_1,risen_1,3,23,0.215,3,3144
reason_1,risen_1,3,24,0.223,1,423
reason_1,risen_1,3,24,0.223,2,2425
reason_1,risen_1,3,24,0.223,3,3149
reason_1,risen_1,3,25,0.231,1,421
reason_1,risen_1,3,25,0.231,2,2349
reason_1,risen_1,3,25,0.231,3,3142
reason_1,risen_1,3,26,0.239,1,416
reason_1,risen_1,3,26,0.239,2,2277
reason_1,risen_1,3,26,0.239,3,3129
reason_1,risen_1,3,27,0.248,1,408
reason_1,risen_1,3,27,0.248,2,2207
reason_1,risen_1,3,27,0.248,3,3114
reason_1,risen_1,3,28,0.256,1,394
reason_1,risen_1,3,28,0.256,2,2149
reason_1,risen_1,3,28,0.256,3,3106
reason_1,risen_1,3,29,0.264,1,378
reason_1,risen_1,3,29,0.264,2,2133
reason_1,risen_1,3,29,0.264,3,3118
reason_1,risen_1,3,30,0.272,1,373
reason_1,risen_1,3,30,0.272,2,2139
reason_1,risen_1,3,30,0.272,3,3123
reason_1,risen_1,4,1,0.033,1,351
reason_1,risen_1,4,1,0.033,2,1309
reason_1,risen_1,4,1,0.033,3,2448
reason_1,risen_1,4,2,0.041,1,352
reason_1,risen_1,4,2,0.041,2,1314
reason_1,risen_1,4,2,0.041,3,2454
reason_1,risen_1,4,3,0.05,1,365
reason_1,risen_1,4,3,0.05,2,1387
reason_1,risen_1,4,3,0.05,3,2498
reason_1,risen_1,4,4,0.058,1,374
reason_1,risen_1,4,4,0.058,2,1506
reason_1,risen_1,4,4,0.058,3,2574
reason_1,risen_1,4,5,0.066,1,378
reason_1,risen_1,4,5,0.066,2,1644
reason_1,risen_1,4,5,0.066,3,2649
reason_1,risen_1,4,6,0.074,1,381
reason_1,risen_1,4,6,0.074,2,1806
reason_1,risen_1,4,6,0.074,3,2700
reason_1,risen_1,4,7,0.083,1,385
reason_1,risen_1,4,7,0.083,2,1999
reason_1,risen_1,4,7,0.083,3,2751
reason_1,risen_1,4,8,0.091,1,389
reason_1,risen_1,4,8,0.091,2,2180
reason_1,risen_1,4,8,0.091,3,2809
reason_1,risen_1,4,9,0.099,1,393
reason_1,risen_1,4,9,0.099,2,2287
reason_1,risen_1,4,9,0.099,3,2873
reason_1,risen_1,4,10,0.107,1,396
reason_1,risen_1,4,10,0.107,2,2357
reason_1,risen_1,4,10,0.107,3,2931
reason_1,risen_1,4,11,0.116,1,397
reason_1,risen_1,4,11,0.116,2,2402
reason_1,risen_1,4,11,0.116,3,2987
reason_1,risen_1,4,12,0.124,1,399
reason_1,risen_1,4,12,0.124,2,2452
reason_1,risen_1,4,12,0.124,3,3024
reason_1,risen_1,4,13,0.132,1,403
reason_1,risen_1,4,13,0.132,2,2489
reason_1,risen_1,4,13,0.132,3,3108
reason_1,risen_1,4,14,0.14,1,406
reason_1,risen_1,4,14,0.14,2,2496
reason_1,risen_1,4,14,0.14,3,3160
reason_1,risen_1,4,15,0.149,1,411
reason_1,risen_1,4,15,0.149,2,2501
reason_1,risen_1,4,15,0.149,3,3169
reason_1,risen_1,4,16,0.157,1,415
reason_1,risen_1,4,16,0.157,2,2496
reason_1,risen_1,4,16,0.157,3,3144
reason_1,risen_1,4,17,0.165,1,418
reason_1,risen_1,4,17,0.165,2,2478
reason_1,risen_1,4,17,0.165,3,3137
reason_1,risen_1,4,18,0.173,1,421
reason_1,risen_1,4,18,0.173,2,2462
reason_1,risen_1,4,18,0.173,3,3134
reason_1,risen_1,4,19,0.182,1,424
reason_1,risen_1,4,19,0.182,2,2451
reason_1,risen_1,4,19,0.182,3,3135
reason_1,risen_1,4,20,0.19,1,427
reason_1,risen_1,4,20,0.19,2,2458
reason_1,risen_1,4,20,0.19,3,3123
reason_1,risen_1,4,21,0.198,1,430
reason_1,risen_1,4,21,0.198,2,2447
reason_1,risen_1,4,21,0.198,3,3106
reason_1,risen_1,4,22,0.206,1,431
reason_1,risen_1,4,22,0.206,2,2418
reason_1,risen_1,4,22,0.206,3,3099
reason_1,risen_1,4,23,0.215,1,430
reason_1,risen_1,4,23,0.215,2,2371
reason_1,risen_1,4,23,0.215,3,3097
reason_1,risen_1,4,24,0.223,1,428
reason_1,risen_1,4,24,0.223,2,2327
reason_1,risen_1,4,24,0.223,3,3103
reason_1,risen_1,4,25,0.231,1,424
reason_1,risen_1,4,25,0.231,2,2264
reason_1,risen_1,4,25,0.231,3,3099
reason_1,risen_1,4,26,0.239,1,417
reason_1,risen_1,4,26,0.239,2,2208
reason_1,risen_1,4,26,0.239,3,3088
reason_1,risen_1,4,27,0.248,1,407
reason_1,risen_1,4,27,0.248,2,2153
reason_1,risen_1,4,27,0.248,3,3075
reason_1,risen_1,4,28,0.256,1,394
reason_1,risen_1,4,28,0.256,2,2110
reason_1,risen_1,4,28,0.256,3,3069
reason_1,risen_1,4,29,0.264,1,379
reason_1,risen_1,4,29,0.264,2,2104
reason_1,risen_1,4,29,0.264,3,3079
reason_1,risen_1,4,30,0.272,1,374
reason_1,risen_1,4,30,0.272,2,2116
reason_1,risen_1,4,30,0.272,3,3084
reason_1,risen_1,5,1,0.033,1,355
reason_1,risen_1,5,1,0.033,2,1348
reason_1,risen_1,5,1,0.033,3,2386
reason_1,risen_1,5,2,0.041,1,357
reason_1,risen_1,5,2,0.041,2,1352
reason_1,risen_1,5,2,0.041,3,2393
reason_1,risen_1,5,3,0.05,1,370
reason_1,risen_1,5,3,0.05,2,1410
reason_1,risen_1,5,3,0.05,3,2449
reason_1,risen_1,5,4,0.058,1,379
reason_1,risen_1,5,4,0.058,2,1515
reason_1,risen_1,5,4,0.058,3,2538
reason_1,risen_1,5,5,0.066,1,382
reason_1,risen_1,5,5,0.066,2,1647
reason_1,risen_1,5,5,0.066,3,2616
reason_1,risen_1,5,6,0.074,1,386
reason_1,risen_1,5,6,0.074,2,1794
reason_1,risen_1,5,6,0.074,3,2667
reason_1,risen_1,5,7,0.083,1,391
reason_1,risen_1,5,7,0.083,2,1960
reason_1,risen_1,5,7,0.083,3,2717
reason_1,risen_1,5,8,0.091,1,398
reason_1,risen_1,5,8,0.091,2,2132
reason_1,risen_1,5,8,0.091,3,2780
reason_1,risen_1,5,9,0.099,1,403
reason_1,risen_1,5,9,0.099,2,2222
reason_1,risen_1,5,9,0.099,3,2848
reason_1,risen_1,5,10,0.107,1,408
reason_1,risen_1,5,10,0.107,2,2277
reason_1,risen_1,5,10,0.107,3,2904
reason_1,risen_1,5,11,0.116,1,410
reason_1,risen_1,5,11,0.116,2,2308
reason_1,risen_1,5,11,0.116,3,2956
reason_1,risen_1,5,12,0.124,1,413
reason_1,risen_1,5,12,0.124,2,2341
reason_1,risen_1,5,12,0.124,3,2997
reason_1,risen_1,5,13,0.132,1,417
reason_1,risen_1,5,13,0.132,2,2365
reason_1,risen_1,5,13,0.132,3,3066
reason_1,risen_1,5,14,0.14,1,421
reason_1,risen_1,5,14,0.14,2,2365
reason_1,risen_1,5,14,0.14,3,3110
reason_1,risen_1,5,15,0.149,1,426
reason_1,risen_1,5,15,0.149,2,2373
reason_1,risen_1,5,15,0.149,3,3118
reason_1,risen_1,5,16,0.157,1,431
reason_1,risen_1,5,16,0.157,2,2377
reason_1,risen_1,5,16,0.157,3,3094
reason_1,risen_1,5,17,0.165,1,435
reason_1,risen_1,5,17,0.165,2,2364
reason_1,risen_1,5,17,0.165,3,3080
reason_1,risen_1,5,18,0.173,1,438
reason_1,risen_1,5,18,0.173,2,2349
reason_1,risen_1,5,18,0.173,3,3073
reason_1,risen_1,5,19,0.182,1,440
reason_1,risen_1,5,19,0.182,2,2337
reason_1,risen_1,5,19,0.182,3,3074
reason_1,risen_1,5,20,0.19,1,442
reason_1,risen_1,5,20,0.19,2,2347
reason_1,risen_1,5,20,0.19,3,3068
reason_1,risen_1,5,21,0.198,1,442
reason_1,risen_1,5,21,0.198,2,2337
reason_1,risen_1,5,21,0.198,3,3052
reason_1,risen_1,5,22,0.206,1,441
reason_1,risen_1,5,22,0.206,2,2310
reason_1,risen_1,5,22,0.206,3,3048
reason_1,risen_1,5,23,0.215,1,437
reason_1,risen_1,5,23,0.215,2,2271
reason_1,risen_1,5,23,0.215,3,3051
reason_1,risen_1,5,24,0.223,1,432
reason_1,risen_1,5,24,0.223,2,2234
reason_1,risen_1,5,24,0.223,3,3059
reason_1,risen_1,5,25,0.231,1,426
reason_1,risen_1,5,25,0.231,2,2182
reason_1,risen_1,5,25,0.231,3,3056
reason_1,risen_1,5,26,0.239,1,417
reason_1,risen_1,5,26,0.239,2,2141
reason_1,risen_1,5,26,0.239,3,3048
reason_1,risen_1,5,27,0.248,1,406
reason_1,risen_1,5,27,0.248,2,2100
reason_1,risen_1,5,27,0.248,3,3037
reason_1,risen_1,5,28,0.256,1,394
reason_1,risen_1,5,28,0.256,2,2072
reason_1,risen_1,5,28,0.256,3,3033
reason_1,risen_1,5,29,0.264,1,381
reason_1,risen_1,5,29,0.264,2,2075
reason_1,risen_1,5,29,0.264,3,3041
reason_1,risen_1,5,30,0.272,1,375
reason_1,risen_1,5,30,0.272,2,2093
reason_1,risen_1,5,30,0.272,3,3047
reason_1,risen_1,6,1,0.033,1,358
reason_1,risen_1,6,1,0.033,2,1388
reason_1,risen_1,6,1,0.033,3,2326
reason_1,risen_1,6,2,0.041,1,361
reason_1,risen_1,6,2,0.041,2,1391
reason_1,risen_1,6,2,0.041,3,2334
reason_1,risen_1,6,3,0.05,1,375
reason_1,risen_1,6,3,0.05,2,1432
reason_1,risen_1,6,3,0.05,3,2400
reason_1,risen_1,6,4,0.058,1,383
reason_1,risen_1,6,4,0.058,2,1524
reason_1,risen_1,6,4,0.058,3,2503
reason_1,risen_1,6,5,0.066,1,387
reason_1,risen_1,6,5,0.066,2,1649
reason_1,risen_1,6,5,0.066,3,2584
reason_1,risen_1,6,6,0.074,1,391
reason_1,risen_1,6,6,0.074,2,1781
reason_1,risen_1,6,6,0.074,3,2635
reason_1,risen_1,6,7,0.083,1,397
reason_1,risen_1,6,7,0.083,2,1923
reason_1,risen_1,6,7,0.083,3,2684
reason_1,risen_1,6,8,0.091,1,406
reason_1,risen_1,6,8,0.091,2,2085
reason_1,risen_1,6,8,0.091,3,2752
reason_1,risen_1,6,9,0.099,1,414
reason_1,risen_1,6,9,0.099,2,2159
reason_1,risen_1,6,9,0.099,3,2823
reason_1,risen_1,6,10,0.107,1,420
reason_1,risen_1,6,10,0.107,2,2200
reason_1,risen_1,6,10,0.107,3,2876
reason_1,risen_1,6,11,0.116,1,423
reason_1,risen_1,6,11,0.116,2,2218
reason_1,risen_1,6,11,0.116,3,2926
reason_1,risen_1,6,12,0.124,1,427
reason_1,risen_1,6,12,0.124,2,2235
reason_1,risen_1,6,12,0.124,3,2969
reason_1,risen_1,6,13,0.132,1,431
reason_1,risen_1,6,13,0.132,2,2247
reason_1,risen_1,6,13,0.132,3,3024
reason_1,risen_1,6,14,0.14,1,437
reason_1,risen_1,6,14,0.14,2,2242
reason_1,risen_1,6,14,0.14,3,3060
reason_1,risen_1,6,15,0.149,1,443
reason_1,risen_1,6,15,0.149,2,2253
reason_1,risen_1,6,15,0.149,3,3068
reason_1,risen_1,6,16,0.157,1,448
reason_1,risen_1,6,16,0.157,2,2263
reason_1,risen_1,6,16,0.157,3,3045
reason_1,risen_1,6,17,0.165,1,452
reason_1,risen_1,6,17,0.165,2,2256
reason_1,risen_1,6,17,0.165,3,3024
reason_1,risen_1,6,18,0.173,1,455
reason_1,risen_1,6,18,0.173,2,2242
reason_1,risen_1,6,18,0.173,3,3014
reason_1,risen_1,6,19,0.182,1,456
reason_1,risen_1,6,19,0.182,2,2229
reason_1,risen_1,6,19,0.182,3,3016
reason_1,risen_1,6,20,0.19,1,456
reason_1,risen_1,6,20,0.19,2,2241
reason_1,risen_1,6,20,0.19,3,3013
reason_1,risen_1,6,21,0.198,1,455
reason_1,risen_1,6,21,0.198,2,2232
reason_1,risen_1,6,21,0.198,3,3000
reason_1,risen_1,6,22,0.206,1,451
reason_1,risen_1,6,22,0.206,2,2207
reason_1,risen_1,6,22,0.206,3,2999
reason_1,risen_1,6,23,0.215,1,444
reason_1,risen_1,6,23,0.215,2,2176
reason_1,risen_1,6,23,0.215,3,3006
reason_1,risen_1,6,24,0.223,1,437
reason_1,risen_1,6,24,0.223,2,2145
reason_1,risen_1,6,24,0.223,3,3015
reason_1,risen_1,6,25,0.231,1,428
reason_1,risen_1,6,25,0.231,2,2103
reason_1,risen_1,6,25,0.231,3,3015
reason_1,risen_1,6,26,0.239,1,418
reason_1,risen_1,6,26,0.239,2,2076
reason_1,risen_1,6,26,0.239,3,3008
reason_1,risen_1,6,27,0.248,1,406
reason_1,risen_1,6,27,0.248,2,2049
reason_1,risen_1,6,27,0.248,3,2999
reason_1,risen_1,6,28,0.256,1,393
reason_1,risen_1,6,28,0.256,2,2035
reason_1,risen_1,6,28,0.256,3,2997
reason_1,risen_1,6,29,0.264,1,382
reason_1,risen_1,6,29,0.264,2,2047
reason_1,risen_1,6,29,0.264,3,3004
reason_1,risen_1,6,30,0.272,1,376
reason_1,risen_1,6,30,0.272,2,2070
reason_1,risen_1,6,30,0.272,3,3010
reason_1,risen_1,7,1,0.033,1,362
reason_1,risen_1,7,1,0.033,2,1429
reason_1,risen_1,7,1,0.033,3,2267
reason_1,risen_1,7,2,0.041,1,365
reason_1,risen_1,7,2,0.041,2,1431
reason_1,risen_1,7,2,0.041,3,2277
reason_1,risen_1,7,3,0.05,1,380
reason_1,risen_1,7,3,0.05,2,1456
reason_1,risen_1,7,3,0.05,3,2353
reason_1,risen_1,7,4,0.058,1,388
reason_1,risen_1,7,4,0.058,2,1533
reason_1,risen_1,7,4,0.058,3,2469
reason_1,risen_1,7,5,0.066,1,391
reason_1,risen_1,7,5,0.066,2,1651
reason_1,risen_1,7,5,0.066,3,2553
reason_1,risen_1,7,6,0.074,1,396
reason_1,risen_1,7,6,0.074,2,1769
reason_1,risen_1,7,6,0.074,3,2603
reason_1,risen_1,7,7,0.083,1,404
reason_1,risen_1,7,7,0.083,2,1887
reason_1,risen_1,7,7,0.083,3,2651
reason_1,risen_1,7,8,0.091,1,415
reason_1,risen_1,7,8,0.091,2,2038
reason_1,risen_1,7,8,0.091,3,2724
reason_1,risen_1,7,9,0.099,1,424
reason_1,risen_1,7,9,0.099,2,2099
reason_1,risen_1,7,9,0.099,3,2799
reason_1,risen_1,7,10,0.107,1,431
reason_1,risen_1,7,10,0.107,2,2125
reason_1,risen_1,7,10,0.107,3,2849
reason_1,risen_1,7,11,0.116,1,436
reason_1,risen_1,7,11,0.116,2,2132
reason_1,risen_1,7,11,0.116,3,2895
reason_1,risen_1,7,12,0.124,1,441
reason_1,risen_1,7,12,0.124,2,2135
reason_1,risen_1,7,12,0.124,3,2942
reason_1,risen_1,7,13,0.132,1,446
reason_1,risen_1,7,13,0.132,2,2136
reason_1,risen_1,7,13,0.132,3,2983
reason_1,risen_1,7,14,0.14,1,452
reason_1,risen_1,7,14,0.14,2,2126
reason_1,risen_1,7,14,0.14,3,3011
reason_1,risen_1,7,15,0.149,1,459
reason_1,risen_1,7,15,0.149,2,2139
reason_1,risen_1,7,15,0.149,3,3019
reason_1,risen_1,7,16,0.157,1,466
reason_1,risen_1,7,16,0.157,2,2156
reason_1,risen_1,7,16,0.157,3,2997
reason_1,risen_1,7,17,0.165,1,470
reason_1,risen_1,7,17,0.165,2,2153
reason_1,risen_1,7,17,0.165,3,2969
reason_1,risen_1,7,18,0.173,1,472
reason_1,risen_1,7,18,0.173,2,2140
reason_1,risen_1,7,18,0.173,3,2956
reason_1,risen_1,7,19,0.182,1,472
reason_1,risen_1,7,19,0.182,2,2126
reason_1,risen_1,7,19,0.182,3,2958
reason_1,risen_1,7,20,0.19,1,471
reason_1,risen_1,7,20,0.19,2,2141
reason_1,risen_1,7,20,0.19,3,2960
reason_1,risen_1,7,21,0.198,1,468
reason_1,risen_1,7,21,0.198,2,2132
reason_1,risen_1,7,21,0.198,3,2948
reason_1,risen_1,7,22,0.206,1,461
reason_1,risen_1,7,22,0.206,2,2109
reason_1,risen_1,7,22,0.206,3,2950
reason_1,risen_1,7,23,0.215,1,452
reason_1,risen_1,7,23,0.215,2,2085
reason_1,risen_1,7,23,0.215,3,2962
reason_1,risen_1,7,24,0.223,1,441
reason_1,risen_1,7,24,0.223,2,2059
reason_1,risen_1,7,24,0.223,3,2971
reason_1,risen_1,7,25,0.231,1,431
reason_1,risen_1,7,25,0.231,2,2027
reason_1,risen_1,7,25,0.231,3,2974
reason_1,risen_1,7,26,0.239,1,418
reason_1,risen_1,7,26,0.239,2,2013
reason_1,risen_1,7,26,0.239,3,2969
reason_1,risen_1,7,27,0.248,1,405
reason_1,risen_1,7,27,0.248,2,1999
reason_1,risen_1,7,27,0.248,3,2962
reason_1,risen_1,7,28,0.256,1,393
reason_1,risen_1,7,28,0.256,2,1999
reason_1,risen_1,7,28,0.256,3,2962
reason_1,risen_1,7,29,0.264,1,383
reason_1,risen_1,7,29,0.264,2,2019
reason_1,risen_1,7,29,0.264,3,2967
reason_1,risen_1,7,30,0.272,1,377
reason_1,risen_1,7,30,0.272,2,2047
reason_1,risen_1,7,30,0.272,3,2974
